name,city,state,website,vertical,source_strategy,source_url,evidence,date_added
Browne Trading Market,Portland,ME,https://www.brownetrading.com,cheese,best_of_city_list,https://visitmaine.com/things-to-do/dining-nightlife/gourmet-cheeses-maine-made-cheeses,Listed among Portland ME gourmet purveyors with a cut-to-order specialty cheese counter alongside seafood and fine foods.,2026-06-16
Life Love Cheese,Manchester,NH,,cheese,state_sweep,"https://www.yelp.com/search?cflt=cheese&find_loc=Manchester,+NH",Cited among the best cheese shops in New Hampshire as an independent cheesemonger.,2026-06-16
Angela's Pasta & Cheese Shop,Manchester,NH,https://www.angelaspastaandcheese.com,cheese,state_sweep,"https://www.yelp.com/search?cflt=cheese&find_loc=Manchester,+NH",Long-running NH specialty shop with a curated cut-to-order cheese counter and imported pastas.,2026-06-16
Edgewood Cheese Shop and Eatery,Cranston,RI,,cheese,state_sweep,https://patch.com/rhode-island/cranston/edgewood-cheese-shop-named-best-ri,Named best cheese shop in Rhode Island in Taste of Home's national ranking.,2026-06-16
Wickford Cheese & Sundry,North Kingstown,RI,,cheese,state_sweep,https://www.bostonglobe.com/2023/05/09/metro/where-buy-cheese-rhode-island/,Listed among Rhode Island cheese purveyors as an independent cut-to-order shop.,2026-06-16
Bon Appetit,Hamden,CT,,cheese,state_sweep,https://www.cheeseprofessor.com/blog/connecticut-cheese-shops,"50+ year CT gourmet/cheese shop that added ~5,000 sq ft of cheese aging space in 2015.",2026-06-16
Caseus Provisions,New Haven,CT,,cheese,state_sweep,https://www.ctbites.com/blog/2026/2/12/guide-to-the-best-cheesemongers-in-connecticut,Opened 2023 carrying 30+ cheeses from around the world with grilled cheese bar and charcuterie.,2026-06-16
The Cheese Corner,Hartford,CT,,cheese,state_sweep,https://www.yelp.com/search?cflt=cheese&find_loc=Hartford%2C+CT,Listed among Hartford-area independent cheese shops.,2026-06-16
Sardilli Produce & Dairy,Hartford,CT,,cheese,state_sweep,https://www.yelp.com/search?cflt=cheese&find_loc=Hartford%2C+CT,Hartford specialty dairy and cheese purveyor cited among CT's best cheese sources.,2026-06-16
Cherry Street Cheese and Provisions,New Canaan,CT,,cheese,state_sweep,https://www.ctbites.com/blog/2026/2/12/guide-to-the-best-cheesemongers-in-connecticut,"Husband-and-wife-run New Canaan shop offering curated cheeses, charcuterie, sandwiches and catering.",2026-06-16
Cheese Louise,Rhinebeck,NY,,cheese,best_of_city_list,https://www.villagegreenrealty.com/blog/hudson-valley-cheese-map.html,Hudson Valley shop featuring more than 200 hand-cut cheeses from around the world.,2026-06-16
Cold Spring Cheese Shop,Cold Spring,NY,,cheese,best_of_city_list,https://www.chronogram.com/food-drink/3-destination-cheese-shops-in-the-hudson-valley-6262251/,Owner Timothy Haskell sources local cheeses straight from Hudson Valley producers.,2026-06-16
Worldlings Pleasure,Albany,NY,,cheese,state_sweep,"https://www.yelp.com/search?cflt=cheese&find_loc=Albany,+NY",Cited among Albany's best cheese shops as an independent cheesemonger.,2026-06-16
Old Brooklyn Cheese Company,Cleveland,OH,,cheese,state_sweep,https://www.yelp.com/search?cflt=cheese&find_loc=Cleveland%2C+OH,"Cleveland shop with an impressive cut selection of cheese, dips and charcuterie boards plus a seasonal sandwich menu.",2026-06-16
Weiland's Market,Columbus,OH,https://www.weilandsmarket.com,cheese,state_sweep,https://www.weilandsmarket.com/departments/cheese/,Columbus market with a dedicated cheesemonger (Anne Marie) who special-orders cheeses and promotes Ohio cheesemakers.,2026-06-16
Mad Cheese,Louisville,KY,,cheese,state_sweep,"https://www.yelp.com/search?cflt=cheese&find_loc=Louisville,+KY",Listed among Louisville's best cheese shops as an independent cheesemonger.,2026-06-16
Bert's Meat & Cheese,Louisville,KY,,cheese,state_sweep,"https://www.yelp.com/search?cflt=cheese&find_loc=Louisville,+KY",Louisville meat-and-cheese shop cited among the city's top cheese purveyors.,2026-06-16
The Cheese Lady,Grand Rapids,MI,https://thecheeselady.net,cheese,state_sweep,"https://www.yelp.com/search?cflt=cheese&find_loc=Grand+Rapids,+MI","Independent Michigan cheesemonger with a cut-to-order counter, named among Grand Rapids' best.",2026-06-16
Say Cheese GR,Grand Rapids,MI,,cheese,state_sweep,"https://www.yelp.com/search?cflt=cheese&find_loc=Grand+Rapids,+MI",Grand Rapids independent cheese shop cited among the city's best.,2026-06-16
The Cheese People of Grand Rapids,Grand Rapids,MI,https://ordercheesepeoplemi.com,cheese,state_sweep,https://ordercheesepeoplemi.com/,Grand Rapids cheesemonger selling curated cheeses at local Michigan farmers markets and online.,2026-06-16
Mongers' Provisions,Ann Arbor,MI,https://mongersprovisions.com,cheese,best_of_city_list,"https://www.yelp.com/search?cflt=cheese&find_loc=Ann+Arbor,+MI",Ann Arbor / Detroit cheesemonger offering cut-to-order artisanal cheese and provisions.,2026-06-16
Zingerman's Creamery,Ann Arbor,MI,https://www.zingermanscreamery.com,cheese,best_of_city_list,"https://www.yelp.com/search?cflt=cheese&find_loc=Ann+Arbor,+MI","Ann Arbor creamery and cheese destination offering cow, goat and sheep milk cheeses with a curated counter.",2026-06-16
Dolcetto,Ann Arbor,MI,,cheese,best_of_city_list,"https://www.yelp.com/search?find_desc=Cheese+Shops&find_loc=Ann+Arbor,+MI",Ann Arbor specialty shop cited among the city's best cheese sources.,2026-06-16
Madison Cheese Shop & Cafe,Madison,WI,,cheese,state_sweep,https://www.yelp.com/search?cflt=cheese&find_loc=madison%2C+WI,Madison cheese shop with highly knowledgeable staff that matches customers to cheese preferences.,2026-06-16
Hill Valley Dairy Milwaukee Cheese and Cocktail Bar,Milwaukee,WI,https://hillvalleydairy.com,cheese,state_sweep,https://hillvalleydairy.com/pages/milwaukee-cheese-and-cocktail-bar,Walker's Point cut-to-order counter of Wisconsin cheeses with dedicated cheesemongers.,2026-06-16
The Wine & Cheese Place,St. Louis,MO,https://www.wineandcheeseplace.com,cheese,state_sweep,https://www.stlmag.com/dining/top-places-to-buy-cheese-in-st-louis/,Founded 1982 as The Cheese Place; deep boutique domestic and imported cheese selection cut to order.,2026-06-16
Wild Olive Provisions,St. Louis,MO,,cheese,state_sweep,https://www.stlmag.com/dining/top-places-to-buy-cheese-in-st-louis/,St. Louis provisions shop listed among the city's top cheese sources.,2026-06-16
The Wine Merchant,Clayton,MO,,cheese,state_sweep,https://www.stlmag.com/dining/top-places-to-buy-cheese-in-st.-louis/,St. Louis-area shop with a master cheesemonger on staff offering pairing recommendations.,2026-06-16
Gilbert Whitney & Company,Kansas City,MO,,cheese,state_sweep,https://www.kcur.org/arts-life/2025-12-06/kansas-city-best-cheese-shops-markets-restaurants,Kansas City cheese shop cited among the area's best cheesemongers.,2026-06-16
Silo Market,Nashville,TN,,cheese,state_sweep,https://www.yelp.com/search?cflt=cheese&find_loc=Nashville%2C+TN,Nashville cheese-focused market listed among the city's best cheese shops.,2026-06-16
Ladies of the Lamb,Nashville,TN,,cheese,state_sweep,https://www.yelp.com/search?cflt=cheese&find_loc=Nashville%2C+TN,Nashville cheese/charcuterie purveyor cited among the city's top cheese sources.,2026-06-16
Little Hats Italian Market,Nashville,TN,,cheese,state_sweep,https://www.yelp.com/search?cflt=cheese&find_loc=Nashville%2C+TN,"Nashville Italian market with a curated cheese counter, listed among the city's best.",2026-06-16
LaBodega by Curate,Asheville,NC,,cheese,best_of_city_list,"https://www.yelp.com/search?cflt=cheese&find_loc=Asheville,+nc","Asheville Spanish market/cheesemonger from the Cúrate team, noted among the city's cheese shops.",2026-06-16
Charleston Artisan Cheesehouse,Charleston,SC,,cheese,state_sweep,"https://www.yelp.com/search?cflt=cheese&find_loc=Charleston,+SC",Charleston artisanal cheese shop cited among the city's best cheesemongers.,2026-06-16
Humble Roots,Greenville,SC,,cheese,state_sweep,https://www.yelp.com/search?cflt=cheese&find_loc=Greenville%2C+SC,Greenville shop listed among the city's top cheese sources.,2026-06-16
Wine & Cheese If You Please,Savannah,GA,,cheese,wine_and_cheese,"https://www.yelp.com/search?cflt=cheese&find_loc=Savannah,+GA",Savannah wine-and-cheese shop listed among the city's best cheese sources.,2026-06-16
The Cheese Place,Charlottesville,VA,,cheese,state_sweep,https://www.yelp.com/search?cflt=cheese&find_loc=Charlottesville%2C+VA,"Charlottesville cheese shop with small-town feel known for housemade pimiento & brie, cited among the city's best.",2026-06-16
Stonyman Gourmet Farmer,Bethesda,MD,,cheese,best_of_city_list,"https://www.yelp.com/search?cflt=cheese&find_loc=Bethesda,+MD",Top-rated Bethesda gourmet cheese purveyor cited among the area's best cheesemongers.,2026-06-16
Fleur de Lis Cheese Shop,Bethesda,MD,,cheese,best_of_city_list,"https://www.yelp.com/search?cflt=cheese&find_loc=Bethesda,+MD",Bethesda cheese shop cited among the area's best cheesemongers.,2026-06-16
Milk And Honey Market,Baltimore,MD,,cheese,best_of_city_list,https://www.cbsnews.com/baltimore/news/best-cheese-shops-in-baltimore/,"Mt. Vernon Baltimore market offering artisan cheese platters (brie, manchego, chevre, cheddar).",2026-06-16
Trinacria,Baltimore,MD,,cheese,best_of_city_list,https://www.cbsnews.com/baltimore/news/best-cheese-shops-in-baltimore/,"100+ year Baltimore Italian specialty shop with a cheese counter, cited among the city's best.",2026-06-16
The Cheese Cartel,Gaithersburg,MD,,cheese,best_of_city_list,https://www.yelp.com/search?cflt=cheese&find_loc=Montgomery+County%2C+MD,Montgomery County MD cheese shop cited among the area's top cheesemongers.,2026-06-16
The Cheese Palette,Salt Lake City,UT,,cheese,state_sweep,"https://www.yelp.com/search?cflt=cheese&find_loc=Salt+Lake+City,+UT",Salt Lake City cheese shop cited among the area's best cheesemongers.,2026-06-16
Blu - A Wine and Cheese Stop,Tucson,AZ,,cheese,wine_and_cheese,https://tucson.com/business/local/blu-a-wine-and-cheese-stop-opens-on-tucson-s/article_ef74b4db-a916-5039-9792-3d8149a7dec1.html,"Tucson shop with certified cheesemongers and 30-40 cut-to-order specialty cheeses, mostly domestic.",2026-06-16
Newport Avenue Market,Bend,OR,https://newportavemarket.com,cheese,best_of_city_list,https://newportavemarket.com/cheese,Bend market that hand-packs every piece of cheese with cheese experts behind the counter cutting to order.,2026-06-16
Paris-Madrid Grocery,Seattle,WA,,cheese,state_sweep,https://www.yelp.com/search?cflt=cheese&find_loc=Seattle%2C+WA,Seattle European grocery with a curated cheese counter cited among the city's best cheese shops.,2026-06-16
Crimson Cove,Seattle,WA,,cheese,state_sweep,"https://www.yelp.com/search?find_desc=gourmet+cheese+shop&find_loc=Seattle,+WA",Seattle specialty shop cited among the city's top gourmet cheese sources.,2026-06-16
King's Mozzarella,Seattle,WA,,cheese,state_sweep,https://www.yelp.com/search?cflt=cheese&find_loc=Seattle%2C+WA,Seattle/Tacoma fresh mozzarella and cheese maker-retailer cited among the area's best cheese shops.,2026-06-16
Wanderlust Delicato,Spokane,WA,,cheese,state_sweep,"https://www.yelp.com/search?cflt=cheese&find_loc=Spokane,+WA",Spokane specialty shop cited among the city's top cheese sources.,2026-06-16
The Mozzarella Company,Dallas,TX,https://www.mozzco.com,cheese,state_sweep,https://www.yelp.com/search?cflt=cheese&find_loc=Dallas%2C+TX,"Dallas artisan cheese maker with a retail shop selling fresh handmade mozzarella and Italian cheeses, cited among the city's best.",2026-06-16
Cheese Peddlers,Dallas,TX,,cheese,state_sweep,https://www.yelp.com/search?cflt=cheese&find_loc=Dallas%2C+TX,Dallas cheese shop cited among the city's best cheesemongers.,2026-06-16
Amor y Queso,Dallas,TX,,cheese,state_sweep,https://www.yelp.com/search?cflt=cheese&find_loc=Dallas%2C+TX,Dallas cheese-and-charcuterie shop cited among the city's best cheese sources.,2026-06-16
Talk Curdy to Me,Houston,TX,,cheese,state_sweep,https://houstonfoodfinder.com/foodfinds/best-places-to-shop-for-cheese-in-houston/,Houston cheese shop cited among the city's best places to shop for cheese.,2026-06-16
For The Love Of Charcuterie,Houston,TX,,cheese,state_sweep,https://houstonfoodfinder.com/foodfinds/best-places-to-shop-for-cheese-in-houston/,Houston cheese-and-charcuterie purveyor listed among the city's best cheese shops.,2026-06-16
Lake Wine & Spirits,Minneapolis,MN,,cheese,wine_and_cheese,https://www.cheeseprofessor.com/blog/cheese-lovers-guide-to-minneapolis,Uptown Minneapolis shop with well-curated rotating domestic/imported cheese and made-to-order cheese sandwiches.,2026-06-16
Cheese Bar,Des Moines,IA,https://www.cheesebardsm.com,cheese,best_of_city_list,https://www.cheesebardsm.com/,"Des Moines cheese bar (sister to The Cheese Shop of Des Moines) with housemade charcuterie, fondue and raclette.",2026-06-16
Northwoods Cheese Haus,Omaha,NE,,cheese,state_sweep,https://www.yelp.com/search?cflt=cheese&find_loc=Omaha%2C+NE,Omaha cheese shop cited among the city's best cheese sources.,2026-06-16
The Meat and Cheese Show,Tulsa,OK,,cheese,small_market_local_dominance,https://www.cheeseprofessor.com/blog/the-meat-and-cheese-show-tulsa,"Tulsa's only artisan cheese shop, carrying cheeses from around the world in the Meadow Gold District on Route 66.",2026-06-16
Charcuteray,Tulsa,OK,,cheese,state_sweep,"https://www.yelp.com/search?cflt=cheese&find_loc=Tulsa,+OK",Tulsa cheese-and-charcuterie shop cited among the city's best cheese sources.,2026-06-16
Abundant Boards,Tulsa,OK,,cheese,state_sweep,https://tulsaworld.com/lifestyles/food-and-cooking/these-are-the-best-places-to-buy-or-order-cheese/collection_3428e5d3-692e-5740-bf30-14202df14f9d.html,Tulsa cheese/charcuterie purveyor listed among the best places to buy cheese in Tulsa.,2026-06-16
The Dainty Fig,Tulsa,OK,,cheese,state_sweep,"https://www.yelp.com/search?cflt=cheese&find_loc=Tulsa,+OK",Tulsa cheese/charcuterie shop cited among the city's best cheese sources.,2026-06-16
Queso - Artisan Cheese,Birmingham,AL,,cheese,state_sweep,https://www.facebook.com/Quesofinecheese/,"Birmingham fine artisan cheese shop with an honest, knowledgeable, experienced cheesemonger.",2026-06-16
Son of a Butcher,Birmingham,AL,https://thesonofabutcher.com,cheese,existing_club_transition,https://thesonofabutcher.com/monthlycheeseclub,Birmingham shop runs a Monthly Cheese Club; cheesemongers with 30+ years combined experience sourcing world and local cheeses.,2026-06-16
Vine & Olive Colony Cheese Shop,Birmingham,AL,,cheese,state_sweep,"https://www.yelp.com/search?find_desc=Artisan+Cheese+Shop&find_loc=Birmingham,+AL",Birmingham-area artisan cheese shop cited among the city's best cheese sources.,2026-06-16
Smiley Brothers Specialty Foods,Birmingham,AL,,cheese,state_sweep,"https://www.yelp.com/search?cflt=cheese&find_loc=Birmingham,+AL","Birmingham specialty food shop with a curated cheese counter, cited among the city's best.",2026-06-16
Simply Cheese,Orlando,FL,,cheese,state_sweep,"https://www.yelp.com/search?find_desc=gourmet+cheese+shop&find_loc=Orlando,+FL",Orlando cheese shop cited among the city's best gourmet cheese sources.,2026-06-16
Formaggio & Friends,Orlando,FL,,cheese,state_sweep,"https://www.yelp.com/search?find_desc=gourmet+cheese+shop&find_loc=Orlando,+FL",Orlando cheese-and-charcuterie shop cited among the city's best cheese sources.,2026-06-16
Let it Brie,Orlando,FL,,cheese,state_sweep,"https://www.yelp.com/search?cflt=cheese&find_loc=ORLANDO,+FL",Orlando cheese shop cited among the city's best cheese sources.,2026-06-16
Cheese Please,Tampa,FL,,cheese,state_sweep,"https://www.yelp.com/search?cflt=cheese&find_loc=Tampa,+FL",Tampa Bay cheese shop cited among the area's best cheese sources.,2026-06-16
Cheeseology,Tampa,FL,,cheese,state_sweep,"https://www.yelp.com/search?cflt=cheese&find_loc=Tampa,+FL",Tampa Bay cheese shop cited among the area's best cheese sources.,2026-06-16
Chevre,Miami,FL,,cheese,state_sweep,"https://www.yelp.com/search?cflt=cheese&find_loc=miami,+FL",Miami cheese shop cited among the city's best cheesemongers.,2026-06-16
The Miami Larder,Miami,FL,,cheese,state_sweep,"https://www.yelp.com/search?cflt=cheese&find_loc=miami,+FL","Miami specialty larder with a curated cheese counter, cited among the city's best.",2026-06-16
The Cheese Course,Miami,FL,https://thecheesecourse.com,cheese,state_sweep,"https://www.yelp.com/search?cflt=cheese&find_loc=miami,+FL","Miami cheese shop and market with cut-to-order artisan cheese, cited among the city's best.",2026-06-16
Crafted Nibbles,Baton Rouge,LA,,cheese,state_sweep,"https://www.yelp.com/search?find_desc=Cheese+Shops&find_loc=Baton+Rouge,+LA",Baton Rouge shop specializing in cheese and charcuterie boards built in front of the customer.,2026-06-16
Acquistapace's Wine & Cheese,Covington,LA,,cheese,wine_and_cheese,https://www.cheeseconnoisseur.com/the-big-easy-cheese-emerging-as-a-superstar/,Louisiana wine-and-cheese shop cited among the New Orleans area's best cheese sources.,2026-06-16
Bay Head Cheese Shop and Bottle Too,Bay Head,NJ,,cheese,small_market_local_dominance,https://www.njfamily.com/the-best-specialty-cheese-shops-in-nj/,Bay Head NJ cheese shop with knowledgeable staff and cheeses from nearby farms.,2026-06-16
The Cheesemongers Fromagerie,Cranford,NJ,,cheese,fromagerie,https://www.njfamily.com/the-best-specialty-cheese-shops-in-nj/,NJ fromagerie with knowledgeable staff helping customers select cheeses and wine pairings.,2026-06-16
Whitehouse Shady Hollow Farm,Whitehouse Station,NJ,,cheese,state_sweep,https://ediblejersey.ediblecommunities.com/eat/eat-new-milky-way-new-jersey-cheese-shops-and-artisans/,"NJ shop with 13 cheddars, cheeses from 14 countries plus fresh mutz, ricotta and basket cheese cut to order.",2026-06-16
Mr. Charcuterie,Evanston,IL,,cheese,best_of_city_list,https://www.yelp.com/search?cflt=cheese&find_loc=Evanston%2C+IL,North Shore Chicago cheese-and-charcuterie shop cited among Evanston's and Chicago's best cheese sources.,2026-06-16
Stamper Cheese,Chicago,IL,,cheese,best_of_city_list,https://www.yelp.com/search?cflt=cheese&find_loc=Chicago%2C+IL,Chicago cheese shop cited among the city's best cheesemongers.,2026-06-16
Augusta Food and Wine,Chicago,IL,,cheese,wine_and_cheese,https://www.yelp.com/search?cflt=cheese&find_loc=Chicago%2C+IL,Chicago wine-and-cheese shop cited among the city's best cheese sources.,2026-06-16
Dobbs & Bishop Fine Cheese,Hastings-on-Hudson,NY,https://www.dobbsandbishop.com,cheese,best_of_city_list,https://westchestermagazine.com/food/westchester-cheese-shops/,"Westchester shop offering hand-cut cheeses, house-made platters and gourmet finds for over a decade.",2026-06-16
Curds & Whey,Bronxville,NY,,cheese,best_of_city_list,https://www.yelp.com/search?cflt=cheese&find_loc=Westchester+County%2C+NY,Westchester County cheese shop cited among the area's top gourmet cheese sources.,2026-06-16
Scott & Joe,Westchester,NY,,cheese,best_of_city_list,"https://www.yelp.com/search?find_desc=Gourmet+Cheese+Shop&find_loc=Westchester+County,+NY",Westchester County cheese shop cited among the area's top gourmet cheese sources.,2026-06-16
109 Cheese and Wine,Westchester,NY,,cheese,wine_and_cheese,"https://www.yelp.com/search?find_desc=Gourmet+Cheese+Shop&find_loc=Westchester+County,+NY",Westchester County wine-and-cheese shop cited among the area's top cheese sources.,2026-06-16
Carlino's Specialty Foods,Ardmore,PA,,cheese,best_of_city_list,https://www.phillymag.com/foobooz/cheese-shops-philadelphia/,Old-world Italian grocery (since 1983) on the Main Line with hundreds of cheeses plus its own farmstead cheeses.,2026-06-16
Cornerstone,Wayne,PA,,cheese,best_of_city_list,https://www.phillymag.com/foobooz/cheese-shops-philadelphia/,Main Line Wayne PA bistro/artisan market and bottle shop with a strong cheese selection.,2026-06-16
Wayne Cheese Cave,Wayne,PA,,cheese,best_of_city_list,https://www.phillymag.com/foobooz/cheese-shops-philadelphia/,Main Line Wayne PA cheese shop offering specialty cheeses and items like marinated feta.,2026-06-16
Cowgirl Creamery,Point Reyes Station,CA,https://www.cowgirlcreamery.com,cheese,best_of_city_list,https://www.visitmarin.org/blog/dining-in-marin-collection/marin-cheese-lovers-unite/,"Point Reyes Station creamery and cheese shop known for triple-cream Mt. Tam, with a retail cheese counter.",2026-06-16
Di Bruno Bros.,Philadelphia,PA,https://dibruno.com,cheese,best_of_city_list,https://www.phillymag.com/foobooz/cheese-shops-philadelphia/,Iconic Philadelphia specialty cheesemonger with 100+ cheeses and knowledgeable staff; regional independent group.,2026-06-16
Cailloux Cheese Shop,Santa Barbara,CA,https://caillouxcheese.com,cheese,best_of_city_list,https://sbcountywines.com/portfolio_page/cailloux-cheese-shop/,"Santa Barbara artisanal cheese shop specializing in cut-to-order artisan cheeses, cured meats, bread and accoutrements.",2026-06-16
Brie Mine Charcuterie,Sacramento,CA,,cheese,state_sweep,"https://www.yelp.com/search?find_desc=Cheesemonger&find_loc=Sacramento,+CA",Sacramento cheese-and-charcuterie purveyor cited among the city's best cheesemongers.,2026-06-16
Elderslie Farm Creamery & Cheese Shop,Wichita,KS,https://www.eldersliefarm.com,cheese,small_market_local_dominance,https://www.yelp.com/search?cflt=cheese&find_loc=Wichita%2C+KS,Farm north of Wichita with a Creamery & Cheese Shop and farm-to-table cafe selling fine cheeses by traditional methods.,2026-06-16
Vault,Wichita,KS,,cheese,state_sweep,https://www.yelp.com/search?cflt=cheese&find_loc=Wichita%2C+KS,Wichita cheese shop cited among the city's best cheesemongers.,2026-06-16
Cured and Whey,Las Vegas,NV,https://curedandwhey.com,cheese,state_sweep,https://curedandwhey.com/,"Las Vegas shop with 200+ cheeses and 60+ meats from around the world, open to the public and cut to order.",2026-06-16
Board and Graze,Las Vegas,NV,,cheese,state_sweep,"https://www.yelp.com/search?find_desc=gourmet+cheese+shop&find_loc=Las+Vegas,+NV",Las Vegas cheese-and-charcuterie shop cited among the city's best gourmet cheese sources.,2026-06-16
La Salumeria,Las Vegas,NV,,cheese,state_sweep,"https://www.yelp.com/search?find_desc=gourmet+cheese+shop&find_loc=Las+Vegas,+NV","Las Vegas Italian salumeria with a curated cheese counter, cited among the city's best.",2026-06-16
BackPorch Market,Reno,NV,,cheese,state_sweep,"https://www.yelp.com/search?cflt=cheese&find_loc=Reno,+NV",Reno specialty market with a cheese counter cited among the city's best cheese sources.,2026-06-16
Newcastle Cheese Shop,Reno,NV,,cheese,state_sweep,"https://www.yelp.com/search?cflt=cheese&find_loc=Reno,+NV",Reno cheese shop cited among the city's best cheesemongers.,2026-06-16
Angelo's Italian Market,Indianapolis,IN,,cheese,state_sweep,https://www.yelp.com/search?cflt=cheese&find_loc=Indianapolis%2C+IN,"Indianapolis Italian market with a curated cut cheese counter, cited among the city's best.",2026-06-16
Goose The Market,Indianapolis,IN,https://www.goosethemarket.com,cheese,state_sweep,https://do317.com/p/best-cheese-in-indianapolis,"Indianapolis specialty market with a notable cheese and charcuterie counter, cited among the city's best.",2026-06-16
Mass Ave Wine,Indianapolis,IN,,cheese,wine_and_cheese,https://do317.com/p/best-cheese-in-indianapolis,"Indianapolis wine shop with a curated cheese selection, cited among the city's best cheese sources.",2026-06-16
Formaggio Essex,New York,NY,https://www.formaggiokitchen.com,cheese,best_of_city_list,https://www.cheeseprofessor.com/blog/7-best-cheese-places-new-york-city,"Lower East Side cheese shop specializing in hand-picked cheeses from small producers, plus artisanal olives and cured meats.",2026-06-16
Cheese Plate Park Slope,Brooklyn,NY,,cheese,best_of_city_list,"https://www.yelp.com/search?cflt=cheese&find_loc=Brooklyn,+NY",Park Slope Brooklyn cheese shop cited among the borough's top-rated cheese sources.,2026-06-16
DTLA Cheese + Kitchen,Los Angeles,CA,,cheese,best_of_city_list,https://www.timeout.com/los-angeles/shopping/dtla-cheese-kitchen,Grand Central Market full-service cut-to-order cheese counter and eatery offering over 100 cheeses.,2026-06-16
Wine and Cheese Cask,Somerville,MA,https://www.thecask.com,cheese,wine_and_cheese,https://www.cheeseprofessor.com/blog/where-to-find-the-best-cheese-in-boston-amp-beyond,Somerville shop with a well-curated cheese selection paired with an extensive wine selection.,2026-06-16
Pemberton Farms Marketplace,Cambridge,MA,https://www.pembertonfarms.com,cheese,best_of_city_list,https://www.cheeseprofessor.com/blog/where-to-find-the-best-cheese-in-boston-amp-beyond,"Cambridge marketplace where locals shop for cut cheese, cited among Boston-area best.",2026-06-16
Dave's Fresh Pasta,Somerville,MA,https://www.davesfreshpasta.com,cheese,best_of_city_list,https://www.cheeseprofessor.com/blog/where-to-find-the-best-cheese-in-boston-amp-beyond,Davis Square shop with a curated cheese counter cited among Boston-area best.,2026-06-16
Righteous Cheese,Washington,DC,https://www.righteouscheese.com,cheese,best_of_city_list,https://dcist.com/story/18/09/14/how-to-navigate-dcs-cheese-scene-fr/,Union Market DC cheese counter with a small bar and cheesemongers offering explanation and samples.,2026-06-16
La Fromagerie,Alexandria,VA,https://www.lafromagerieva.com,cheese,fromagerie,https://dcist.com/story/13/09/04/the-five-stinkiest-cheese-shops-in-dc/,Alexandria VA shop specializing in American artisan cheese plus local producers like Firefly Farms and Keswick Creamery.,2026-06-16
Rockridge Market Hall,Oakland,CA,https://rockridgemarkethall.com,cheese,best_of_city_list,https://www.yelp.com/search?cflt=cheese&find_loc=San+Francisco+Bay+Area%2C+CA,"Oakland Rockridge market with a dedicated cut-to-order cheese counter, cited among the Bay Area's best.",2026-06-16
Carruth Cellars,San Diego,CA,https://carruthcellars.com,cheese,wine_and_cheese,https://carruthcellars.com/cheese-shop/,"San Diego shop with artisan cheeses cut and packaged onsite by the ounce, paired with wine.",2026-06-16
Baker & Olive,Encinitas,CA,https://www.bakerandolive.com,cheese,best_of_city_list,https://lovelysandiegohomes.com/specialty-cheese-stores-in-san-diego/,"Chef-inspired San Diego-area specialty shop carrying artisan cheeses, balsamics, olive oils and boutique wines.",2026-06-16
Janssen's Market,Wilmington,DE,https://janssensfinefoods.com,cheese,state_sweep,https://janssensfinefoods.com/shop-janssens/cheese/,"Wilmington DE fine foods market with a curated cut cheese counter, cited among the city's best.",2026-06-16
Chefs' Haven,Wilmington,DE,,cheese,state_sweep,https://www.yelp.com/search?cflt=cheese&find_loc=Wilmington%2C+DE,Wilmington DE specialty shop with a cheese counter cited among the city's best cheese sources.,2026-06-16
Town Clock Cheese Shoppe,Newark,DE,,cheese,state_sweep,https://www.yelp.com/search?cflt=cheese&find_loc=Wilmington%2C+DE,Delaware cheese shop cited among the Wilmington area's best cheese sources.,2026-06-16
Chester River Wine & Cheese,Chestertown,MD,,cheese,wine_and_cheese,https://www.yelp.com/search?cflt=cheese&find_loc=Wilmington%2C+DE,Eastern Shore wine-and-cheese shop cited among the regional best cheese sources.,2026-06-16
Wm Cofield Cheesemakers,Sebastopol,CA,https://www.wmcofield.com,cheese,best_of_city_list,"https://www.yelp.com/search?cflt=cheese&find_loc=Sonoma+County,+CA","Sonoma County cheesemaker with a retail shop and tasting room, cited among the area's best cheese shops.",2026-06-16
Petaluma Cheese Shop,Petaluma,CA,,cheese,best_of_city_list,"https://www.yelp.com/search?cflt=cheese&find_loc=Sonoma+County,+CA",Sonoma County cheese shop cited among the area's best cheesemongers.,2026-06-16
The Epicurean Connection,Sonoma,CA,https://www.theepicureanconnection.com,cheese,best_of_city_list,"https://www.yelp.com/search?cflt=cheese&find_loc=Napa,+CA",Sonoma cheese shop and cheesemaker (Sheana Davis) cited among Napa/Sonoma's best cheese sources.,2026-06-16
Salumeria Ovello,Napa,CA,,cheese,best_of_city_list,"https://www.yelp.com/search?cflt=cheese&find_loc=Napa,+CA","Napa Italian salumeria with a curated cheese counter, cited among the area's best.",2026-06-16
Hillsborough Cheese Company,Hillsborough,NC,,cheese,state_sweep,https://www.yelp.com/search?cflt=cheese&find_loc=Durham%2C+NC,NC Triangle cheese company cited among the Raleigh-Durham area's best cheese sources.,2026-06-16
Wedgewood Cheese Bar,Raleigh,NC,,cheese,state_sweep,"https://www.yelp.com/search?cflt=cheese&find_loc=Raleigh,+NC",Raleigh cheese bar cited among the area's best cheese sources.,2026-06-16
Reliable Cheese Company,Durham,NC,,cheese,small_market_local_dominance,https://culturecheesemag.com/travel/triple-play-triangle/,"Opened 2011; Durham's only artisanal cheese shop, curating local makers like Chapel Hill Creamery and Boxcarr.",2026-06-16
A Southern Season,Chapel Hill,NC,,cheese,best_of_city_list,https://culturecheesemag.com/travel/triple-play-triangle/,Chapel Hill shop with nearly 300 cheeses at its counter under an American Cheese Society certified cheesemonger.,2026-06-16
Martha's Vineyard Cheesery,Vineyard Haven,MA,https://www.mvcheesery.com,cheese,small_market_local_dominance,https://www.mvcheesery.com/about/,"Martha's Vineyard curated cheese shop with grazing boxes, catering and educational cheese events.",2026-06-16
The Cheese Shop Aspen,Aspen,CO,,cheese,small_market_local_dominance,https://nextdoor.com/pages/the-cheese-shop-aspen-co/,Aspen CO cheese shop serving the resort community with specialty cheeses.,2026-06-16
Meat & Cheese Restaurant and Farm Shop,Aspen,CO,https://www.meatandcheeseaspen.com,cheese,small_market_local_dominance,https://aspenchamber.org/business-directory/meat-cheese/,Aspen restaurant and farm shop with a retail cheese and provisions counter.,2026-06-16
AnnaVail Cheese,Vail,CO,https://www.annavailcheese.com,cheese,small_market_local_dominance,https://www.annavailcheese.com/,Vail CO artisan and organic cheese purveyor serving the resort town.,2026-06-16
Florida Cheese Club,Naples,FL,,cheese,existing_club_transition,https://www.yelp.com/search?find_desc=Cheese+Shops&find_loc=Naples%2C+FL,Naples cheese club/shop cited among the city's best cheese sources; club-forward offering.,2026-06-16
Chef Connoisseur,Naples,FL,,cheese,state_sweep,"https://www.yelp.com/search?cflt=cheese&find_loc=Naples,+FL","Naples gourmet shop with a curated cheese counter, cited among the city's best cheese sources.",2026-06-16
Modern Brie,Scottsdale,AZ,,cheese,state_sweep,"https://www.yelp.com/search?cflt=cheese&find_loc=Scottsdale,+AZ",Scottsdale AZ cheese shop cited among the city's best cheesemongers.,2026-06-16
Cheese & Honey,San Antonio,TX,,cheese,state_sweep,https://www.yelp.com/search?cflt=cheese&find_loc=San+Antonio%2C+TX,San Antonio cheese-and-charcuterie shop cited among the city's best cheese sources.,2026-06-16
River Whey Creamery,Schertz,TX,https://riverwheycreamery.com,cheese,state_sweep,https://www.yelp.com/search?cflt=cheese&find_loc=San+Antonio%2C+TX,"San Antonio-area creamery with a retail cheese shop, cited among the region's best.",2026-06-16
Veldhuizen Cheese Shoppe,Fort Worth,TX,https://www.veldhuizencheese.com,cheese,state_sweep,https://www.yelp.com/search?find_loc=Fort+Worth%2C+TX&cflt=cheese,"Fort Worth-area farmstead cheesemaker with a retail cheese shoppe, cited among the area's best.",2026-06-16
Eagle Mountain Farmhouse Cheese,Granbury,TX,https://www.eaglemountaincheese.com,cheese,state_sweep,https://www.yelp.com/search?find_loc=Fort+Worth%2C+TX&cflt=cheese,"Fort Worth-area farmhouse cheesemaker with retail, cited among the area's best cheese sources.",2026-06-16
Fig + Brie,El Paso,TX,,cheese,state_sweep,"https://www.yelp.com/search?cflt=cheese&find_loc=el+paso,+tx",El Paso cheese-and-charcuterie shop cited among the city's best cheese sources.,2026-06-16
Wisconsin Cheesemasters,Egg Harbor,WI,,cheese,small_market_local_dominance,https://www.travelwisconsin.com/article/cheese-factories/historic-cheese-shops-you-cant-miss,Door County WI cheese shop in Egg Harbor cited among the state's notable cheese shops.,2026-06-16
Bountiful Boards GB,Green Bay,WI,https://bountifulboardsgb.com,cheese,best_of_city_list,https://www.cheeseprofessor.com/blog/bountiful-boards-fromagerie-charcuterie-green-bay,Green Bay cheese-and-charcuterie shop with cheesemonger services and cheese consulting.,2026-06-16
Vern's Cheese,Chilton,WI,https://www.vernscheese.com,cheese,state_sweep,https://www.vernscheese.com/,Wisconsin cheese shop near Appleton/Green Bay with a wide artisan selection cut to order.,2026-06-16
Mississippi Market Co-op,Jackson,MS,https://msmarket.coop,cheese,state_sweep,https://msmarket.coop/departments/cheese/,"Jackson MS market carrying local, artisan and European cheeses including goat and sheep milk varieties.",2026-06-16
Talk of the Table,Decatur,GA,,cheese,state_sweep,https://www.yelp.com/search?cflt=cheese&find_loc=Atlanta%2C+GA,Atlanta-area cheese/charcuterie shop cited among the metro's best cheese sources.,2026-06-16
Alon's Morningside,Atlanta,GA,https://www.alons.com,cheese,best_of_city_list,https://www.atlantamagazine.com/list/food-lovers-guide-cheese/meet-the-cheesemongers/,Atlanta Morningside market with cheesemonger Mary Ingersoll behind a curated cheese counter.,2026-06-16
Zupan's Markets,Portland,OR,https://www.zupans.com,cheese,best_of_city_list,https://www.zupans.com/departments/cheese/,Portland/Lake Oswego market carrying hundreds of cheeses with cheesemongers available for tastings and cut-to-order service.,2026-06-16
Hops & Curds,Chicago,IL,,cheese,best_of_city_list,https://yourchicagoguide.com/best-cheese-shops-in-chicago/,Lincoln Park Chicago cheese-focused shop/eatery (opened 2019) featuring cheese with beer and a retail cheese case.,2026-06-16
Gene's Sausage Shop & Delicatessen,Chicago,IL,https://www.genessausage.com,cheese,best_of_city_list,https://www.yelp.com/search?find_desc=gourmet+cheese+shop&find_loc=Andersonville%2C+Chicago%2C+IL,"Andersonville Chicago deli with a substantial European cheese counter, cited among the area's best cheese sources.",2026-06-16
Cheese on Main,Manasquan,NJ,,cheese,state_sweep,https://www.yelp.com/search?cflt=cheese&find_loc=Red+Bank%2C+NJ+07701,NJ shore cheese shop cited among the Red Bank area's best cheese sources.,2026-06-16
Valley Shepherd Creamery,Long Valley,NJ,https://valleyshepherd.com,cheese,education_affineur,https://ediblejersey.ediblecommunities.com/eat/eat-new-milky-way-new-jersey-cheese-shops-and-artisans/,NJ creamery making 30+ styles of artisanal raw-milk cheese with a retail farm shop and aging cave.,2026-06-16
The Ephrata Cheese Shop,Ephrata,PA,,cheese,state_sweep,"https://www.yelp.com/search?cflt=cheese&find_loc=Lancaster+County,+PA",Lancaster County PA cheese shop cited among the area's best cheese sources.,2026-06-16
S. Mandros Imported Foods,Lancaster,PA,,cheese,state_sweep,"https://www.yelp.com/search?cflt=cheese&find_loc=Lancaster,+PA","Lancaster PA imported foods shop with a cheese counter, cited among the area's best.",2026-06-16
A Couple Craves,Allentown,PA,,cheese,state_sweep,https://www.yelp.com/search?cflt=cheese&find_loc=allentown%2C+pa,Allentown PA cheese/charcuterie shop cited among the area's best cheese sources.,2026-06-16
Central Wedge Cheese Shop,Carlisle,PA,https://www.centralwedgecheese.com,cheese,state_sweep,https://www.centralwedgecheese.com/,"Carlisle PA shop with a wide selection of artisan cheeses sourced from Pennsylvania, cut to order.",2026-06-16
Van Wert Cheese Shop,Harrisburg,PA,,cheese,state_sweep,https://www.yelp.com/search?cflt=cheese&find_loc=Harrisburg%2C+PA,Harrisburg PA cheese shop cited among the area's best cheesemongers.,2026-06-16
The Savory Gourmet,Harrisburg,PA,,cheese,state_sweep,https://www.yelp.com/search?cflt=cheese&find_loc=Harrisburg%2C+PA,"Harrisburg PA gourmet shop with a cheese counter, cited among the area's best.",2026-06-16
Caputo Brothers Creamery,Spring Grove,PA,https://caputobrotherscreamery.com,cheese,existing_club_transition,https://caputobrotherscreamery.com/products/cheese-of-the-month-club,PA creamery with retail and a Cheese of the Month Club shipping curated cheeses.,2026-06-16
Phillips Lancaster County Cheese Company,Lancaster,PA,https://www.lancastercountycheese.com,cheese,state_sweep,https://www.lancastercountycheese.com/,"Lancaster County PA cheese company with retail, cited among the area's cheese sources.",2026-06-16
Grafton Village Cheese Company,Brattleboro,VT,https://graftonvillagecheese.com,cheese,small_market_local_dominance,https://en.wikipedia.org/wiki/Grafton_Village_Cheese_Company,"Brattleboro VT retail store offering 70+ cheeses, Vermont products and a cut counter.",2026-06-16
Saint Anne's Cheese Co.,Dayton,OH,https://stannescheeseco.com,cheese,state_sweep,https://stannescheeseco.com/,Dayton OH specialty cheese maker/retailer cited among the city's best cheese sources.,2026-06-16
Share Cheesebar,Dayton,OH,,cheese,state_sweep,"https://www.yelp.com/search?cflt=cheese&find_loc=Dayton,+OH",Dayton OH cheese bar cited among the city's best cheese sources.,2026-06-16
Nejaimes Wine Cellar,Lenox,MA,,cheese,wine_and_cheese,https://www.thefoodlens.com/boston/guides/cheese-shops/,"Lenox MA (Berkshires) wine cellar with a notable cheese counter, cited among regional best.",2026-06-16
Springside Cheese Shop,Colorado Springs,CO,,cheese,state_sweep,https://www.yelp.com/search?cflt=cheese&find_loc=Colorado+Springs%2C+CO,Colorado Springs cheese shop cited among the city's best cheesemongers.,2026-06-16
Tony's Market,Denver,CO,https://tonysmarket.com,cheese,best_of_city_list,https://tonysmarket.com/cheese-shop/,Denver market with a gourmet cheese shoppe and fine cheese counter cut to order.,2026-06-16
Holiday Market,Royal Oak,MI,https://www.holiday-market.com,cheese,best_of_city_list,https://www.holiday-market.com/royal-oak/department/gourmet-cheese/,Royal Oak MI market with a gourmet cheese shop recognized as one of Michigan's best.,2026-06-16
Cheese Shop 831,Santa Cruz,CA,,cheese,state_sweep,https://www.yelp.com/search?cflt=cheese&find_loc=santa+cruz%2C+CA,Santa Cruz cheese shop cited among the city's best cheesemongers.,2026-06-16
Sweet Grass Dairy & Cheese Shop,Thomasville,GA,https://www.sweetgrassdairy.com,cheese,small_market_local_dominance,https://exploregeorgia.org/thomasville/agritourism/farm-to-table/sweet-grass-dairy-cheese-shop,Thomasville GA farmstead dairy with a retail cheese shop selling its own and other artisan cheeses.,2026-06-16
Quel Fromage Cheese Shop,Bellingham,WA,,cheese,state_sweep,"https://www.yelp.com/search?cflt=cheese&find_loc=Bellingham,+WA",Bellingham WA cheese shop cited among the area's best cheesemongers.,2026-06-16
Les Amis Du Fromage,Bellingham,WA,,cheese,fromagerie,"https://www.yelp.com/search?cflt=cheese&find_loc=Bellingham,+WA",Bellingham WA fromagerie cited among the area's best cheese sources.,2026-06-16
Salt & Vine,Anacortes,WA,,cheese,wine_and_cheese,"https://www.yelp.com/search?cflt=cheese&find_loc=Bellingham,+WA","Anacortes WA shop offering wines, cheeses and charcuterie from the region's best makers.",2026-06-16
The Cheese Shop At Appel Farms,Ferndale,WA,https://appelcheese.com,cheese,state_sweep,https://appelcheese.com/,Ferndale WA farmstead (since 1967) with a retail cheese shop selling its own and other artisan cheeses.,2026-06-16
Muranda Cheese Company,Waterloo,NY,https://murandacheese.com,cheese,state_sweep,https://www.thisiscny.com/living/2025/04/central-new-york-cheese-shops-visit-these-7-brie-lliant-stores-in-syracuse-and-beyond.html,"Finger Lakes NY farm with a retail cheese shop, cited among Central NY's best cheese stores.",2026-06-16
Brick Schoolhouse Cheese and Bread,Syracuse,NY,,cheese,state_sweep,https://www.thisiscny.com/living/2025/04/central-new-york-cheese-shops-visit-these-7-brie-lliant-stores-in-syracuse-and-beyond.html,Central NY cheese-and-bread shop cited among the Syracuse area's best cheese stores.,2026-06-16
Galena River Wine & Cheese,Galena,IL,https://galenawinemerchant.com,cheese,existing_club_transition,https://olioiniowa.com/blog/galena-river-wine-cheese-monthly-cheese-club/,Galena IL wine-and-cheese shop running a Monthly Cheese Club shipped across the Midwest.,2026-06-16
Landmark Creamery & Provisions,Paoli,WI,https://landmarkcreamery.com,cheese,education_affineur,https://landmarkcreamery.com/collections/gift-boxes/cheese-of-the-month-club,Southern Wisconsin award-winning sheep-milk creamery with a Provisions retail shop and cheese of the month club.,2026-06-16
Grater Goods,Jacksonville,FL,https://gratergoods.com,cheese,small_market_local_dominance,https://gratergoods.com/,"Jacksonville's only stand-alone cut-and-wrap cheese shop, specializing in American cheeses and charcuterie.",2026-06-16
The Traveling Cheeseboard,St. Petersburg,FL,,cheese,state_sweep,"https://www.yelp.com/search?cflt=cheese&find_loc=Saint+Petersburg,+FL",St. Petersburg FL cheese/charcuterie shop cited among the city's best cheese sources.,2026-06-16
Brooklyn South,St. Petersburg,FL,,cheese,state_sweep,"https://www.yelp.com/search?cflt=cheese&find_loc=Saint+Petersburg,+FL","St. Petersburg FL Italian deli/market with a curated cheese counter, cited among the city's best.",2026-06-16
Back Alley Cheese Shop,Prescott,AZ,,cheese,small_market_local_dominance,https://www.experienceprescott.com/listing/back-alley-cheese-shop/197/,Historic downtown Prescott AZ shop specializing in small-batch artisan cheeses from around the world.,2026-06-16
Virgin Cheese,Flagstaff,AZ,,cheese,state_sweep,"https://www.yelp.com/search?cflt=cheese&find_loc=Flagstaff,+AZ",Flagstaff AZ cheese shop cited among the city's best cheesemongers.,2026-06-16
Beyond the Board,Mesa,AZ,,cheese,state_sweep,https://www.yelp.com/search?find_desc=gourmet+cheese+shop&find_loc=Mesa%2C+AZ,Mesa AZ cheese-and-charcuterie shop cited among the area's best cheese sources.,2026-06-16
Joe's Parkway Market,Bozeman,MT,,cheese,best_of_city_list,"https://www.yelp.com/search?cflt=cheese&find_loc=Bozeman,+MT","Bozeman MT market with a strong cheese selection and in-store samples, cited among the city's best.",2026-06-16
Vintage Cheese Co,Bozeman,MT,,cheese,state_sweep,https://www.manta.com/c/mt900n2/vintage-cheese-of-montana-llc,Bozeman MT cheese maker/retailer producing specialty Montana cheese (Mountina).,2026-06-16
Camden Charcuterie,Camden,ME,,cheese,small_market_local_dominance,"https://www.yelp.com/search?cflt=cheese&find_loc=Brunswick,+ME+04011",Camden ME cheese-and-charcuterie shop cited among the midcoast Maine cheese options.,2026-06-16
State of Maine Cheese,Rockport,ME,https://www.stateofmainecheese.com,cheese,small_market_local_dominance,https://www.tripadvisor.com/Attraction_Review-g40841-d7725223-Reviews-State_of_Maine_Cheese-Rockport_Maine.html,Rockport ME cheesemaker with a retail shop focused on the local food movement.,2026-06-16
Bangor Wine and Cheese,Bangor,ME,,cheese,wine_and_cheese,https://visitmaine.com/things-to-do/dining-nightlife/gourmet-cheeses-maine-made-cheeses,"Bangor ME wine-and-cheese shop specializing in cheese, cited among Maine's gourmet cheese sources.",2026-06-16
Nibblesford Cheese Shop,Biddeford,ME,,cheese,state_sweep,https://visitmaine.com/things-to-do/dining-nightlife/gourmet-cheeses-maine-made-cheeses,Biddeford ME cheese shop cited among Maine's gourmet cheese sources.,2026-06-16
The Cheese Plate,New Paltz,NY,,cheese,state_sweep,"https://www.yelp.com/search?cflt=cheese&find_loc=New+Paltz,+NY+12561",New Paltz NY cheese shop cited among the Hudson Valley's best cheese sources.,2026-06-16
The Corner Counter,New Paltz,NY,,cheese,state_sweep,"https://www.yelp.com/search?cflt=cheese&find_loc=New+Paltz,+NY+12561",New Paltz NY cheese counter cited among the Hudson Valley's best cheese sources.,2026-06-16
Olsen & Company,New Paltz,NY,,cheese,state_sweep,"https://www.yelp.com/search?cflt=cheese&find_loc=New+Paltz,+NY+12561",New Paltz NY specialty shop with a cheese counter cited among the Hudson Valley's best.,2026-06-16
Deep South Cheese and Grill,Columbia,SC,,cheese,state_sweep,"https://www.yelp.com/search?find_desc=Cheese+Shops&find_loc=Columbia,+SC",Columbia SC cheese shop cited among the city's best cheese sources.,2026-06-16
The Loyalist Market,Fort Mill,SC,https://theloyalistmarket.com,cheese,state_sweep,"https://www.yelp.com/search?find_desc=Cheese+Shops&find_loc=Columbia,+SC",SC cheese-and-charcuterie market cited among the region's best cheese sources.,2026-06-16
Block and Vino,Columbia,SC,,cheese,wine_and_cheese,"https://www.yelp.com/search?find_desc=Cheese+Shops&find_loc=Columbia,+SC",Columbia SC wine-and-cheese shop cited among the city's best cheese sources.,2026-06-16
Rollers Wine & Spirits,Hilton Head Island,SC,,cheese,wine_and_cheese,"https://www.yelp.com/search?cflt=cheese&find_loc=Hilton+Head+Island,+SC","Hilton Head wine shop with a notable cheese counter, cited among the island's best cheese sources.",2026-06-16
Waterfront Wine & Gourmet,Hilton Head Island,SC,,cheese,wine_and_cheese,"https://www.yelp.com/search?cflt=cheese&find_loc=Hilton+Head+Island,+SC","Hilton Head gourmet/wine shop with a cheese counter, cited among the island's best cheese sources.",2026-06-16
Spread & Co,Austin,TX,,cheese,best_of_city_list,https://www.yelp.com/search?cflt=cheese&find_loc=Austin%2C+TX,Austin cheese-and-charcuterie shop cited among the city's best cheese sources.,2026-06-16
Peace Cheese,Austin,TX,,cheese,best_of_city_list,"https://www.yelp.com/search?find_desc=cheesemonger&find_loc=Austin,+TX",Austin cheese shop cited among the city's best cheesemongers.,2026-06-16
Dos Lunas Cheese,Austin,TX,https://www.doslunascheese.com,cheese,best_of_city_list,https://do512.com/p/austins-finest-cheese,"Austin artisan cheese maker with retail, cited among Austin's finest cheese sources.",2026-06-16
Brazos Valley Cheese,Waco,TX,https://brazosvalleycheese.com,cheese,state_sweep,https://www.yelp.com/search?cflt=cheese&find_loc=Waco%2C+TX,Waco-area farmstead cheesemaker (ACS award winner) with a retail shop.,2026-06-16
Wheelhouse Cheese Shop,Waco,TX,,cheese,state_sweep,https://www.yelp.com/search?cflt=cheese&find_loc=Waco%2C+TX,Waco TX cheese shop cited among the city's best cheesemongers.,2026-06-16
L'Atelier Fromager The Cheese Workshop,Waco,TX,,cheese,state_sweep,https://www.yelp.com/search?cflt=cheese&find_loc=Waco%2C+TX,Waco TX cheese workshop/shop cited among the city's best cheese sources.,2026-06-16
Brix Cheese Shop & Wine Bar,Iowa City,IA,https://www.brixiowacity.com,cheese,wine_and_cheese,https://www.yelp.com/search?cflt=cheese&find_loc=Iowa+City%2C+IA,Iowa City cheese shop and wine bar cited as a top cheese destination in the area.,2026-06-16
Gile Cheese Store,Dubuque,IA,,cheese,state_sweep,"https://www.yelp.com/search?cflt=cheese&find_loc=Dubuque,+IA",Dubuque IA cheese store cited among the area's best cheese sources.,2026-06-16
The Vintage LBC,Long Beach,CA,,cheese,best_of_city_list,https://www.visitlongbeach.com/blog/cuisine-scene-cheese-shops/,"Bixby Knolls Long Beach gourmet cheese shop with cheese/charcuterie boards, flights and tasting classes.",2026-06-16
Wine Cheese Etc.,Long Beach,CA,,cheese,wine_and_cheese,https://www.visitlongbeach.com/blog/cuisine-scene-cheese-shops/,Long Beach wine-and-cheese shop cited among the city's cheese sources.,2026-06-16
Fromagerie Sophie,San Luis Obispo,CA,,cheese,fromagerie,"https://www.yelp.com/search?cflt=cheese&find_loc=San+Luis+Obispo,+CA",San Luis Obispo fromagerie cited among the area's best cheese shops.,2026-06-16
Di Raimondo's Italian Market & Cheese Shop,Ventura,CA,https://diraimondos.com,cheese,state_sweep,https://www.slocal.com/listing/di-raimondos-italian-market-&-cheese-shop/2975/,Ventura Italian market with cut-to-order artisan cheese and charcuterie.,2026-06-16
The Mystic Cheese Company,Groton,CT,https://www.mysticcheese.co,cheese,state_sweep,https://www.mysticcheese.co/,Mystic-area CT cheesemaker with cut-to-order cheese/charcuterie counter plus its own and imported cheeses.,2026-06-16
Little Cheese,Stamford,CT,,cheese,state_sweep,https://www.yelp.com/search?cflt=cheese&find_loc=Stamford%2C+CT,Stamford CT cheese shop cited among the city's best cheesemongers.,2026-06-16
Geo's Cheese,Kansas City,MO,,cheese,state_sweep,https://www.waldokc.org/businesses/geos-cheese/,Waldo KC cheese shop offering a large variety of cheeses not found elsewhere in Kansas City.,2026-06-16
More Cheese Please KC,Kansas City,MO,https://www.morecheesepleasekc.com,cheese,state_sweep,https://www.morecheesepleasekc.com/,Kansas City cheese and charcuterie shop cited among the area's cheese sources.,2026-06-16
Kate's Cheese Company,Greenport,NY,,cheese,small_market_local_dominance,https://www.cheeseprofessor.com/blog/long-island-east-end-cheese-shops,"Greenport NY North Fork shop with cheese, sandwiches, custom boards and accoutrements paired with craft beer and local wine.",2026-06-16
Paste & Rind,Washington,DC,https://www.pasteandrind.com,cheese,education_affineur,https://www.cheesesociety.org/certification,DC cheese shop owned by Kara McGrath; CCP-credentialed cut-to-order monger.,2026-06-16
Firefly Coffeehouse & Artisan Cheese,Oregon,WI,https://www.fireflycoffeehouse.com,cheese,education_affineur,https://cheeseunderground.com/2014/09/03/the-results-are-in-im-an-acs-certified-cheese-professional/,"Oregon WI shop run by ACS Certified Cheese Professional Jeanne Carpenter, cutting and wrapping cheese to order.",2026-06-16
Plum Plums Cheese,Pound Ridge,NY,https://www.plumplumscheese.com,cheese,education_affineur,https://www.cheeseprofessor.com/blog/how-to-become-a-certified-cheese-professional,"Pound Ridge NY shop owned by Certified Cheese Professional Gayle Martin, offering 60-70 farmstead and international cheeses.",2026-06-16
Eau Claire Cheese & Deli,Eau Claire,WI,https://www.ecdeli.com,cheese,state_sweep,https://www.ecdeli.com/,"Eau Claire WI family shop (35+ years), a leading supplier of imported specialty cheese cut to order.",2026-06-16
House of Gouda,Rochester,MN,,cheese,state_sweep,"https://www.yelp.com/search?cflt=cheese&find_loc=Rochester,+MN",Rochester MN cheese shop cited among the area's best cheesemongers.,2026-06-16
Boards & Beez,Covington,KY,,cheese,state_sweep,"https://www.yelp.com/search?cflt=cheese&find_loc=Covington,+KY",Northern Kentucky cheese-and-charcuterie shop cited among the Covington area's best cheese sources.,2026-06-16
Something Cheesy,Bardstown,KY,,cheese,state_sweep,"https://www.yelp.com/search?cflt=cheese&find_loc=Bardstown,+KY+40004",Bardstown KY cheese shop cited among the area's best cheese sources.,2026-06-16
Bloom Cheese Collective,Fayetteville,AR,,cheese,small_market_local_dominance,https://fayettevilleflyer.com/2025/06/18/bloom-cheese-collective-now-open-in-fayetteville/,"Fayetteville AR shop offering ~100 cut-to-order cheeses local to imported, plus charcuterie, sandwiches and wine.",2026-06-16
Kent Walker Artisan Cheese,Little Rock,AR,https://www.kentwalkercheese.com,cheese,state_sweep,https://discover.texasrealfood.com/local-artisan-cheese/arkansas,Little Rock AR artisan cheesemaker with a retail cheese shop and tasting room.,2026-06-16
Domaine South,Huntsville,AL,,cheese,state_sweep,"https://www.yelp.com/search?cflt=cheese&find_loc=huntsville,+al",Huntsville AL wine-and-cheese shop cited among the city's best cheese sources.,2026-06-16
Flatrock Cheese and More,Huntsville,AL,,cheese,state_sweep,"https://www.yelp.com/search?cflt=cheese&find_loc=huntsville,+al",Huntsville AL cheese shop cited among the city's best cheesemongers.,2026-06-16
Olive + Oak Charcuterie,Huntsville,AL,,cheese,state_sweep,"https://www.yelp.com/search?cflt=cheese&find_loc=huntsville,+al",Huntsville AL cheese-and-charcuterie shop cited among the city's best cheese sources.,2026-06-16
Cleaver & Cork,Auburn,AL,,cheese,state_sweep,"https://www.yelp.com/search?cflt=cheese&find_loc=Auburn,+AL",Auburn AL cheese-and-charcuterie/wine shop cited among the area's best cheese sources.,2026-06-16
