name,city,state,website,vertical,source_strategy,source_url,evidence,date_added
Di Palo's Fine Foods,New York,NY,,cheese,best_of_city_list,https://devourtours.com/blog/cheese-shops-nyc/,"Little Italy Italian-cheese specialist at 200 Grand St, featured in '9 Amazing Cheese Shops in NYC' guide",2026-06-12
Ideal Cheese Shop,New York,NY,,cheese,best_of_city_list,https://frenchly.us/5-best-cheese-new-york/,"Midtown East institution stocking 200+ cheeses from 17 countries, named among NYC's best cheese shops",2026-06-12
Saxelby Cheesemongers,New York,NY,https://saxelbycheese.com,cheese,existing_club_transition,https://saxelbycheese.com/products/saxelby_cheese_of_the_month,First all-American artisanal cheese shop in the US runs a monthly cheese club shipping three hand-crafted cheeses,2026-06-12
Bedford Cheese Shop,New York,NY,,cheese,best_of_city_list,https://www.timeout.com/newyork/shopping/best-cheese-shops-in-nyc,Gramercy Park cheesemonger featured in Time Out's roundup of every NYC cheese shop worth visiting,2026-06-12
Astoria Bier & Cheese,Astoria,NY,,cheese,best_of_city_list,https://devourtours.com/blog/cheese-shops-nyc/,"Cut-to-order cheese counter plus craft beer in Western Queens, featured in NYC cheese-shop roundups",2026-06-12
Casa Della Mozzarella,Bronx,NY,,cheese,best_of_city_list,https://www.cheeseconnoisseur.com/new-york-city/,"Arthur Avenue stretched-curd specialist making mozzarella in-house, cited in Cheese Connoisseur's NYC guide",2026-06-12
BKLYN Larder,Brooklyn,NY,https://www.bklynlarder.com,cheese,existing_club_transition,https://www.bklynlarder.com/pages/cheese-of-the-month-club,Park Slope provisions shop runs a Cheese of the Month Club where mongers pick three peak-condition cheeses monthly,2026-06-12
Léa Fromages,Brooklyn,NY,,cheese,best_of_city_list,https://www.yelp.com/search?cflt=cheese&find_loc=Brooklyn%2C+NY,"Brooklyn fromagerie with vast cheese selection, ranked among Brooklyn's best cheese shops",2026-06-12
Eastern District,Brooklyn,NY,,cheese,best_of_city_list,https://www.yelp.com/search?cflt=cheese&find_loc=Brooklyn%2C+NY,Greenpoint cheese and craft-beer specialty shop ranked among Brooklyn's top cheese shops,2026-06-12
Monger's Palate,Brooklyn,NY,,cheese,best_of_city_list,https://www.yelp.com/search?cflt=cheese&find_loc=Brooklyn%2C+NY,Independent Brooklyn cheesemonger ranked among the borough's best cheese shops,2026-06-12
Cheese & Things,Brooklyn,NY,,cheese,best_of_city_list,https://www.yelp.com/search?cflt=cheese&find_loc=Brooklyn%2C+NY,Brooklyn cheese shop ranked among the borough's best cheese shops,2026-06-12
Lioni Latticini,Brooklyn,NY,,cheese,best_of_city_list,https://www.yelp.com/search?cflt=cheese&find_loc=Brooklyn%2C+NY,"Fresh-mozzarella latticini with Brooklyn retail storefront, ranked among the borough's best cheese shops",2026-06-12
Cheesemongers of Sherman Oaks,Sherman Oaks,CA,,cheese,best_of_city_list,https://laist.com/news/food/best-cheese-shops-in-los-angeles,Cut-to-order shop selling cheese at peak condition; co-owner previously worked for Cowgirl Creamery,2026-06-12
Andrew's Cheese Shop,Santa Monica,CA,https://andrewscheese.com,cheese,best_of_city_list,https://andrewscheese.com/,Cut-to-order artisan cheese shop highlighting small producers and independent cheesemakers in Santa Monica,2026-06-12
Say Cheese,Los Angeles,CA,,cheese,best_of_city_list,https://www.laweekly.com/here-they-are-the-best-cheese-shops-in-los-angeles/,"Silver Lake shop where cheese is 100% cut to order with full service, named among LA's best cheese shops",2026-06-12
The Cheese Store of Beverly Hills,Beverly Hills,CA,,cheese,best_of_city_list,https://www.thedailymeal.com/travel/best-los-angeles-cheese-shops/,"Open since 1967 with 300-500 cheeses plus wine, charcuterie and truffles; an LA best-of fixture",2026-06-12
Milkfarm,Los Angeles,CA,,cheese,best_of_city_list,https://www.theinfatuation.com/los-angeles/guides/best-cheese-and-charcuterie-in-LA,Eagle Rock monger with one of LA's best cheese selections and staff versed in each cheese's production,2026-06-12
Cheese Plus,San Francisco,CA,,cheese,best_of_city_list,https://www.7x7.com/the-best-cheese-in-sf-recommendations-from-local-cheese-shops-1781324599.html,"Polk Street cheese destination since 2005 with massive cheese, charcuterie and specialty selection",2026-06-12
Cheese Boutique,San Francisco,CA,,cheese,best_of_city_list,https://devourtours.com/blog/san-francisco-cheese-shops/,"Glen Park shop curating 100+ domestic and international cheeses, named among SF's best cheese shops",2026-06-12
Mission Bay Wine & Cheese,San Francisco,CA,,cheese,best_of_city_list,https://devourtours.com/blog/san-francisco-cheese-shops/,"Wine-and-cheese shop co-run by a Master Sommelier, named among SF's best cheese shops",2026-06-12
24th Street Cheese Company,San Francisco,CA,,cheese,best_of_city_list,https://devourtours.com/blog/san-francisco-cheese-shops/,Noe Valley cut-cheese institution featured in Devour's San Francisco cheese shop guide,2026-06-12
Little Vine,San Francisco,CA,,cheese,best_of_city_list,https://devourtours.com/blog/san-francisco-cheese-shops/,North Beach European-style shop with 75+ cheeses and 300 wines,2026-06-12
The Cheese Board Collective,Berkeley,CA,,cheese,best_of_city_list,https://www.mashed.com/1590701/best-cheese-shops-america/,Worker-owned co-op since 1967 selling 400 locally and internationally sourced cheeses; named among America's best cheese shops,2026-06-12
Bowers Fancy Dairy Products,Washington,DC,https://bowerscheese.com,cheese,best_of_city_list,https://bowerscheese.com/,Longtime Eastern Market cheese stall named among the best cheese shops in Washington DC,2026-06-12
Cheesetique,Alexandria,VA,,cheese,best_of_city_list,https://dcist.com/story/13/09/04/the-five-stinkiest-cheese-shops-in-dc/,"Cheese boutique with 300 varieties sliced to order, named among the DC area's top cheese shops",2026-06-12
Arrowine & Cheese,Arlington,VA,,cheese,best_of_city_list,https://dcist.com/story/18/09/14/how-to-navigate-dcs-cheese-scene-fr/,Arlington wine-and-cheese shop cited among top cheesemonger destinations in the DC area,2026-06-12
Formaggio Kitchen,Cambridge,MA,,cheese,best_of_city_list,https://devourtours.com/blog/cheese-shops-boston/,Tops Boston best-of lists for years; owners source small-production cheeses worldwide and run their own cheese-aging cellar,2026-06-12
Bacco's Wine + Cheese,Boston,MA,,cheese,best_of_city_list,https://www.thefoodlens.com/boston/guides/cheese-shops/,Back Bay shop focused on sustainably made artisanal producers with knowledgeable cheesemongers,2026-06-12
Downtown Cheese,Philadelphia,PA,,cheese,cmi_competitor,https://www.inquirer.com/food/cheesemonger-invitational-winner-philadelphia-di-bruno-bros-downtown-cheese-20250715.html,Reading Terminal Market monger Max Lazary won the 2025 Cheesemonger Invitational while working at Downtown Cheese,2026-06-12
Claudio Specialty Foods,Philadelphia,PA,,cheese,best_of_city_list,https://www.phillymag.com/foobooz/cheese-shops-philadelphia/,Italian Market staple since the '50s known for house-made fresh mozzarella and whole-milk ricotta,2026-06-12
Chestnut Hill Cheese Shop,Philadelphia,PA,,cheese,best_of_city_list,https://www.phillymag.com/foobooz/2018/11/20/best-cheese-shops-philadelphia/,Iconic Germantown Avenue shop selling cheese for more than half a century,2026-06-12
The Grand Fromage,Skippack,PA,,cheese,best_of_city_list,https://www.phillymag.com/foobooz/cheese-shops-philadelphia/,"Skippack Village shop stocking 20+ blue cheeses with expert pairing advice, in Philly Mag's cheese guide",2026-06-12
Beautiful Rind,Chicago,IL,https://www.beautifulrind.com,cheese,events_programming,https://www.beautifulrind.com/,"Logan Square artisan cheese shop with private classroom, interactive cheese classes and expert pairings",2026-06-12
All Together Now,Chicago,IL,,cheese,best_of_city_list,https://www.cheeseprofessor.com/blog/6-chicago-cheese-places,"Ukrainian Village shop bringing cheese, wine and charcuterie together with rotating sheep and goat cheeses",2026-06-12
Maison Pasquale,Chicago,IL,https://maisonpasquale.com,cheese,existing_club_transition,https://maisonpasquale.com/products/wine-cheese-club-box,"Runs a monthly cheese club with two artisanal cheeses, accompaniments and a 10% member discount in-store",2026-06-12
The Truffle Cheese Shop,Denver,CO,https://www.denvertruffle.com,cheese,existing_club_transition,https://www.denvertruffle.com/shop/cheese-of-the-month-club,Denver's top cut-to-order shop running a monthly cheese club with three cheeses plus accompaniment,2026-06-12
St. Kilian's Cheese Shop & Market,Denver,CO,https://stkilianscheeseshop.com,cheese,existing_club_transition,https://stkilianscheeseshop.com/products/cheese-of-the-month-club,20-year Highlands cornerstone running a Cheese of the Month Club subscription,2026-06-12
Mondo Market,Denver,CO,,cheese,best_of_city_list,https://www.thedenverear.com/spots-cheese-denver/,"Artisan cheese, charcuterie and accoutrements shop named among Denver's best cheese spots",2026-06-12
Street Cheese,Seattle,WA,https://www.streetcheeseseattle.com,cheese,cmi_competitor,https://visitseattle.org/press/press-kit/artisanal-cheese-charcuterie/,"CCP cheesemonger Courtney Johnson (CMI Masters runner-up, Mondial du Fromage podium) opened this Beacon Hill shop with ~100 cheeses in fall 2025",2026-06-12
The Cheese Box,Seattle,WA,https://thecheesebox.market,cheese,best_of_city_list,https://thecheesebox.market/,"Pike Place Market cheese shop run by longtime market workers, named among Seattle's best cheese shops",2026-06-12
Big John's PFI,Seattle,WA,,cheese,best_of_city_list,https://visitseattle.org/press/press-kit/artisanal-cheese-charcuterie/,Named among Seattle's best cheese shops for its famed cut-to-order cheese counter,2026-06-12
The Cheesemonger's Shop,Leavenworth,WA,https://cheesemongersshop.com,cheese,existing_club_transition,https://cheesemongersshop.com/collections/cheese-of-the-month-club,Independent shop running a Cheese of the Month Club subscription,2026-06-12
Cowbell Cheesemonger,Portland,OR,https://www.cowbellpdx.com,cheese,best_of_city_list,https://www.cowbellpdx.com/,Fine artisan cheesemonger at the Rinella Produce Building rated among Portland's best cheese shops,2026-06-12
France 44 Cheese Shop,Minneapolis,MN,http://www.france44cheeseshop.com,cheese,cmi_competitor,https://culturecheesemag.com/news/2025-cheesemonger-invitational-competition-winner/,Monger Sophia Gates Stern placed top-3 at the 2025 Cheesemonger Invitational representing France 44,2026-06-12
St. Paul Cheese Shop,St. Paul,MN,https://www.stpaulcheeseshop.com,cheese,best_of_city_list,https://www.stpaulcheeseshop.com/,"France 44's Mac-Groveland sister shop with cut cheeses, meats and sandwiches",2026-06-12
Surdyk's Cheese Shop,Minneapolis,MN,https://www.surdykscheese.com,cheese,existing_club_transition,https://www.surdykscheese.com/cheese-of-the-month-club,"Minneapolis mainstay since 1979 with 150+ cut-to-order cheeses, running a 3/6/12-month Cheese of the Month Club",2026-06-12
Antonelli's Cheese Shop,Austin,TX,https://www.antonellischeese.com,cheese,existing_club_transition,https://www.antonellischeese.com/collections/cheese-club,Cut-to-order Austin shop running a monthly cheese club with tasting guides and exclusive tasting videos,2026-06-12
Houston Dairymaids,Houston,TX,https://www.houstondairymaids.com,cheese,events_programming,https://www.houstondairymaids.com/cheese-classes/,"Heights shop with 150+ cheeses, free weekly tastings and a regular cheese-pairing class program",2026-06-12
A Cheese Affair,Houston,TX,,cheese,best_of_city_list,https://houstonfoodfinder.com/foodfinds/best-places-to-shop-for-cheese-in-houston/,"French-style gourmet cheese shop with global fromage, named a best place to shop for cheese in Houston",2026-06-12
Montrose Cheese & Wine,Houston,TX,,cheese,best_of_city_list,https://houstonfoodfinder.com/foodfinds/best-places-to-shop-for-cheese-in-houston/,Monger-led rotating selection of 12-15 cheeses alongside 125 curated wines,2026-06-12
Scardello Artisan Cheese,Dallas,TX,,cheese,best_of_city_list,https://www.dmagazine.com/publications/d-magazine/2014/april/best-cheese-shops-in-dallas/,Cut-to-order Dallas shop focused on Texas and domestic artisan cheese; won Best of Big D 'Best Cheese Shop',2026-06-12
Fromagination,Madison,WI,,cheese,best_of_city_list,https://blog.yelp.com/community/the-best-cheese-shop-in-every-state/,Capitol Square shop celebrated for Wisconsin artisan labels like Uplands and Bleu Mont Dairy,2026-06-12
GREYS Fine Cheeses,Nashville,TN,https://www.greyscheese.com,cheese,events_programming,https://www.greyscheese.com/nashvillelocation,"Nashville's only cut-to-order specialty cheese shop, offering educational workshops and tastings",2026-06-12
Orrman's Cheese Shop,Charlotte,NC,https://orrmanscheeseshop.com,cheese,existing_club_transition,https://orrmanscheeseshop.com/products/cheese-club,Top-ranked Charlotte cheese shop running a monthly three-cheese pickup Cheese Club with pairing notes,2026-06-12
The Culture Shop,Charlotte,NC,,cheese,best_of_city_list,https://www.yelp.com/search?cflt=cheese&find_loc=charlotte%2C+NC,Independent Charlotte cheese shop ranked among the city's best,2026-06-12
South Slope Cheese Co,Asheville,NC,,cheese,best_of_city_list,https://www.yelp.com/search?cflt=cheese&find_loc=Asheville%2C+NC,Ranked the best cheese shop in Asheville,2026-06-12
Capella Cheese,Atlanta,GA,https://capellacheese.com,cheese,existing_club_transition,https://capellacheese.com/products/classic-cheese-of-the-month-club,Atlanta shop from cheese veteran Raymond Hook (250+ artisan cheeses) running a Classic Cheese of the Month Club,2026-06-12
Star Provisions,Atlanta,GA,,cheese,best_of_city_list,https://www.atlantamagazine.com/list/food-lovers-guide-cheese/meet-the-cheesemongers/,Atlanta Magazine calls its ~200-300 cheese selection the best in the metro area,2026-06-12
La Femme du Fromage,Orlando,FL,https://www.lafemmedufromage.com,cheese,best_of_city_list,https://www.lafemmedufromage.com/,Artisan cheese shop named Best Cheese Shop in Florida by Taste of Home,2026-06-12
Miami Cheese Shop,Miami,FL,https://miamicheeseshop.com,cheese,events_programming,https://miamicheeseshop.com/,Edgewater shop sourcing directly from producers and running cheese tasting classes and private events,2026-06-12
The Cheese Lodge,Tampa,FL,https://thecheeselodge.com,cheese,best_of_city_list,https://thecheeselodge.com/,"Carries 200+ varieties, reputed largest cheese selection in the Tampa Bay area",2026-06-12
Shea Cheese,Phoenix,AZ,https://shopsheacheese.com,cheese,best_of_city_list,https://shopsheacheese.com/,Neighborhood cheese shop opened 2022 spotlighting exceptional American artisan cheeses with taste-before-you-buy service,2026-06-12
Cheese N Stuff,Phoenix,AZ,,cheese,best_of_city_list,https://www.yelp.com/search?cflt=cheese&find_loc=Phoenix%2C+AZ,Longstanding Phoenix cheese shop and deli ranked among the city's best cheese shops,2026-06-12
Mingle + Graze,Chandler,AZ,,cheese,best_of_city_list,https://www.yelp.com/search?cflt=cheese&find_loc=Phoenix%2C+AZ,Downtown Chandler cheese shop and cafe ranked among the Phoenix area's best cheese shops,2026-06-12
Venissimo Cheese,San Diego,CA,,cheese,best_of_city_list,https://www.yelp.com/search?cflt=cheese&find_loc=San+Diego%2C+CA,Locally owned cheesemonger ranked among San Diego's top cheese shops,2026-06-12
Smallgoods Cheese Shop & Cafe,San Diego,CA,,cheese,best_of_city_list,https://www.yelp.com/search?cflt=cheese&find_loc=San+Diego%2C+CA,La Jolla cheese shop and cafe rated among San Diego's best cheese shops,2026-06-12
Bougie's Cheese Shop,San Diego,CA,,cheese,best_of_city_list,https://www.yelp.com/search?cflt=cheese&find_loc=San+Diego%2C+CA,Independent cheese shop ranked among San Diego's best cheese shops,2026-06-12
Marchant Manor Cheese,Cleveland Heights,OH,https://www.marchantmanor.com,cheese,best_of_city_list,https://www.marchantmanor.com/,Cleveland Heights artisan cheesemaker with retail cheese shop carrying wide artisanal range and local accoutrements,2026-06-12
Urban Stead Cheese,Cincinnati,OH,,cheese,best_of_city_list,https://www.drink-milk.com/where-to-buy-ohio-cheese/,"Urban Cincinnati cheese company with award-winning cheese, retail tasting room and wine selection",2026-06-12
The Cheese and Charcuterie Shop,Cleveland,OH,https://thecheeseandcharcuterieshop.com,cheese,best_of_city_list,https://thecheeseandcharcuterieshop.com/,Independent Cleveland-area cheese and charcuterie shop ranked among the city's best cheese shops,2026-06-12
Fromagio's Artisan Cheese,Anchorage,AK,,cheese,best_of_city_list,https://blog.yelp.com/community/the-best-cheese-shop-in-every-state/,Named Alaska's top cheese shop in Yelp's best-cheese-shop-in-every-state list,2026-06-12
Sweet Freedom Cheese,Bentonville,AR,,cheese,best_of_city_list,https://www.mashed.com/1590701/best-cheese-shops-america/,"Arkansas' first independent cut-to-order cheese shop, named among America's best cheese shops",2026-06-12
Sissle & Daughters,Portland,ME,https://www.sissleanddaughters.com,cheese,best_of_city_list,https://www.sissleanddaughters.com/,"Portland Maine cheesemongers and grocery curating cheeses, charcuterie and artisanal finds",2026-06-12
The Wine Merchant Ltd,Clayton,MO,,cheese,best_of_city_list,https://www.stlmag.com/dining/top-places-to-buy-cheese-in-st-louis/,St. Louis Magazine top cheese pick with boutique domestic and imported cheeses and a master cheesemonger on staff,2026-06-12
Cork & Rind,St. Charles,MO,,cheese,best_of_city_list,https://www.stlmag.com/dining/top-places-to-buy-cheese-in-st-louis/,"Wine-and-cheese shop with impressive domestic and imported selection, in St. Louis Magazine's top cheese spots",2026-06-12
The Better Cheddar,Kansas City,MO,https://www.thebettercheddar.com,cheese,best_of_city_list,https://www.kcur.org/arts-life/2025-12-06/kansas-city-best-cheese-shops-markets-restaurants,"Kansas City favorite since 1983 with ~200 cheeses and knowledgeable cheesemongers, in KCUR's best-cheese-shops tour",2026-06-12
St. James Cheese Company,New Orleans,LA,https://stjamescheese.com,cheese,cmi_competitor,https://www.cheeseconnoisseur.com/the-big-easy-cheese-emerging-as-a-superstar/,Pioneered artisanal cheese in New Orleans since 2006; its monger Justin Trosclair won the 2013 Cheesemonger Invitational,2026-06-12
Chantal's Cheese Shop,Pittsburgh,PA,https://chantalscheese.com,cheese,best_of_city_list,https://www.discovertheburgh.com/chantals-cheese-shop/,Bloomfield shop with 100+ cheeses from around the world plus house-made mozzarella,2026-06-12
Wheel & Wedge,Pittsburgh,PA,,cheese,best_of_city_list,https://goodfoodpittsburgh.com/the-ultimate-guide-to-cheese-in-pittsburgh/,"Cheesemonger selling only American-made cheeses, 50+ options mostly from Pennsylvania",2026-06-12
Pennsylvania Macaroni Company,Pittsburgh,PA,https://www.pennmac.com,cheese,existing_club_transition,https://www.pennmac.com/page/433/cheese-of-the-month-club-gourmet-cheese-sampler,Legendary Strip District cut-to-order cheese counter running a 3/6/12-month Cheese of the Month Club,2026-06-12
The Cheese Queen,Pittsburgh,PA,,cheese,best_of_city_list,https://www.yelp.com/search?cflt=cheese&find_loc=Pittsburgh%2C+PA,Ranked among Pittsburgh's top cheese shops,2026-06-12
Cheese Galore & More,Baltimore,MD,,cheese,best_of_city_list,https://baltimore.org/listings/cheese-galore-more/,Cross Street Market gourmet and artisan cheese stall named among Baltimore's best cheese shops,2026-06-12
DeVries & Co 1887,Detroit,MI,,cheese,best_of_city_list,https://detroitisit.com/5-incredible-cheese-shops-in-detroit-and-nearby/,Family-run Eastern Market institution named one of Detroit's incredible cheese shops,2026-06-12
Wisconsin Cheese Mart,Milwaukee,WI,https://www.wisconsincheesemart.com,cheese,best_of_city_list,https://experiencewisconsinmag.com/wisconsin-cheese-shops/,Family-owned Milwaukee shop since 1938 stocking Wisconsin artisans from Marieke Gouda to Rush Creek Reserve,2026-06-12
The Milwaukee Cheese Bar,Milwaukee,WI,https://hillvalleydairy.com,cheese,best_of_city_list,https://hillvalleydairy.com/pages/milwaukee-cheese-and-cocktail-bar,Hill Valley Dairy's Walker's Point retail cut-to-order counter with dedicated cheesemongers (producer with real retail shop),2026-06-12
The Village Cheese Shop,Wauwatosa,WI,https://villagecheesetosa.com,cheese,best_of_city_list,https://villagecheesetosa.com/,"Curated selection of 80+ artisan cheeses from Wisconsin, the Midwest and Europe",2026-06-12
Wildwood Market,Indianapolis,IN,,cheese,best_of_city_list,https://blog.yelp.com/community/the-best-cheese-shop-in-every-state/,Named Indiana's top cheese shop in Yelp's best-cheese-shop-in-every-state list,2026-06-12
Cultured Cheese & Charcuterie Bar,Louisville,KY,,cheese,best_of_city_list,https://blog.yelp.com/community/the-best-cheese-shop-in-every-state/,Named Kentucky's top-rated cheese shop in Yelp's state-by-state list,2026-06-12
Liberty Heights Fresh,Salt Lake City,UT,,cheese,best_of_city_list,https://www.cheeseconnoisseur.com/cheeses-of-the-beehive-state/,One of SLC's oldest artisan and specialty food stores with a thoughtfully curated international cheese selection,2026-06-12
Cheese Shop Santa Barbara,Santa Barbara,CA,https://www.cheeseshopsb.com,cheese,existing_club_transition,https://www.cheeseshopsb.com/,Locally owned shop offering monthly cheese subscription packages with cheesemonger tasting notes and pairing ideas,2026-06-12
Cheese Central,Lodi,CA,,cheese,small_market_local_dominance,https://www.yelp.com/search?cflt=cheese&find_loc=Sacramento%2C+CA,"Dominant specialty cheese shop for the Lodi/Sacramento area, ranked among the region's best",2026-06-12
Dedrick's Cheese,Placerville,CA,,cheese,small_market_local_dominance,https://www.yelp.com/search?cflt=cheese&find_loc=Sacramento%2C+CA,Placerville cheese shop ranked among the Sacramento region's best,2026-06-12
Sutter Creek Cheese Shoppe,Sutter Creek,CA,,cheese,small_market_local_dominance,https://www.yelp.com/search?cflt=cheese&find_loc=Sacramento%2C+CA,Gold-country cheese shop ranked among the Sacramento region's best,2026-06-12
The Cheese Shop of Salem,Salem,MA,https://www.thecheeseshopofsalem.com,cheese,existing_club_transition,https://www.thecheeseshopofsalem.com/the-clubs,Runs monthly clubs including a $70/month four-cheese club with exclusive limited-availability selections,2026-06-12
Mullahy's Cheese Shop,Hingham,MA,http://www.mullahys.com,cheese,existing_club_transition,http://www.mullahys.com/cheeseclub.html,Independent Hingham shop running a Cheese of the Month Club,2026-06-12
Second Mouse Cheese Shop,Pleasantville,NY,https://www.secondmousecheese.com,cheese,existing_club_transition,https://www.secondmousecheese.com/cheese-of-the-month-club,Westchester cheese shop running a Cheese of the Month Club,2026-06-12
Bloomy Cheese & Provisions,Dobbs Ferry,NY,https://www.bloomydobbs.com,cheese,existing_club_transition,https://www.bloomydobbs.com/shop/p/bloomy-cheese-of-the-month-club,Hudson Valley cheese shop running the Bloomy Cheese of the Month Club,2026-06-12
Truckle Cheesemongers,Richmond,VA,https://www.trucklerva.com,cheese,best_of_city_list,https://www.trucklerva.com/,Richmond's dedicated cut-to-order cheese shop and cheese bar focused on taste-before-you-buy education,2026-06-12
Virginia Cheese Co,Richmond,VA,https://www.virginiacheeseco.com,cheese,existing_club_transition,https://www.virginiacheeseco.com/product/cheese-club/1029,"Specialty cheese market with events, seasonal fondue/raclette and a Cheese Club subscription",2026-06-12
Farmstead Cheeses & Wines,Alameda,CA,,cheese,best_of_city_list,https://www.yelp.com/search?find_desc=cheese+club&find_loc=San+Francisco+Bay+Area%2C+CA,Curated cheese-and-wine shop ranked among the Bay Area's top cheese destinations,2026-06-12
Caseus Diem,Portland,OR,https://www.caseusdiem.com,cheese,best_of_city_list,https://www.caseusdiem.com/,Independent Portland cheesemonger rated among the city's best cheese shops,2026-06-12
East Side Cheese & Provisions,Providence,RI,https://eastsidecheese.com,cheese,existing_club_transition,https://eastsidecheese.com/products/cheese-club,"Wayland Square's only full-service cut-to-order cheese shop (founded 2023), running a Cheese Club subscription",2026-06-12
Fairfield Cheese Company,Fairfield,CT,https://fairfieldcheese.com,cheese,ccp_credentialed,https://patch.com/connecticut/fairfield/fairfield-cheese-company-one-nations-most-iconic-magazine-says,Named among the 10 most iconic US cheese shops; owners Laura Downey and Chris Palumbo are both Certified Cheese Professionals,2026-06-12
Greenwich Cheese Company,Cos Cob,CT,,cheese,ccp_credentialed,https://www.ctbites.com/blog/2026/2/12/guide-to-the-best-cheesemongers-in-connecticut,"Sister shop of Fairfield Cheese Company run by CCP-credentialed owners, in CT Bites' best-cheesemongers guide",2026-06-12
Caseus Fromagerie Bistro,New Haven,CT,,cheese,best_of_city_list,https://www.cheeseprofessor.com/blog/connecticut-cheese-shops,"New Haven fromagerie and bistro with outstanding cheese selection, in The Cheese Professor's 7 great CT cheese shops",2026-06-12
New Curds On The Block,Oakville,CT,,cheese,best_of_city_list,https://www.ctbites.com/blog/2026/2/12/guide-to-the-best-cheesemongers-in-connecticut,Hyper-local cheese program drawing largely from Connecticut producers and nearby regional farms,2026-06-12
Van Hook Cheese & Grocery,Jersey City,NJ,https://www.vanhookcheese.com,cheese,best_of_city_list,https://www.vanhookcheese.com/,"Family-run cut-to-order cheese shop specializing in small farms and traditional producers, with Jersey City and Montclair locations",2026-06-12
Olsson's Fine Foods,Princeton,NJ,,cheese,events_programming,https://www.njfamily.com/the-best-specialty-cheese-shops-in-nj/,"Palmer Square cheese shop running 'Cheese U' classes (Burrata, Raw Milk, Racletting) plus a cheese bar",2026-06-12
Counter Cheesemongers,North Charleston,SC,https://countercheesemongers.com,cheese,existing_club_transition,https://countercheesemongers.com/giftsandcheesecollections/cheeseofthemonth,Two-person mom-and-pop shop working directly with small American cheesemakers and running a Cheese of the Month club,2026-06-12
goat. sheep. cow.,Charleston,SC,,cheese,best_of_city_list,https://www.yelp.com/search?cflt=cheese&find_loc=Charleston%2C+SC,Independent Charleston cheese-and-wine shop ranked among the city's best cheese shops,2026-06-12
Avondale Wine & Cheese,Charleston,SC,,cheese,best_of_city_list,https://www.yelp.com/search?cflt=cheese&find_loc=Charleston%2C+SC,Charleston wine-and-cheese shop ranked among the city's best cheese shops,2026-06-12
The Cheese Factory,Buffalo,NY,,cheese,best_of_city_list,https://culturecheesemag.com/blog/a-cheese-lovers-guide-to-buffalo/,"Owner-run shop with cut-to-order counter, featured in Culture magazine's cheese lover's guide to Buffalo",2026-06-12
Meet & Eat Charcuterie,Buffalo,NY,,cheese,best_of_city_list,https://culturecheesemag.com/blog/a-cheese-lovers-guide-to-buffalo/,"Owner Kristen Cronyn stocks a wide cheese array including local Eden Valley Creamery, per Culture's Buffalo guide",2026-06-12
Amabel Provisions,Buffalo,NY,,cheese,best_of_city_list,https://www.yelp.com/search?cflt=cheese&find_loc=Buffalo%2C+NY,Ranked among Buffalo's top cheese shops,2026-06-12
The Curd Nerd,Syracuse,NY,,cheese,best_of_city_list,https://www.yelp.com/search?cflt=cheese&find_loc=Syracuse%2C+NY,Ranked the top cheese shop in Syracuse with worldwide and local artisan cheeses,2026-06-12
Talbott & Arding,Hudson,NY,https://www.talbottandarding.com,cheese,best_of_city_list,https://www.talbottandarding.com/,Hudson cheese and provisions destination founded by celebrated cheesemonger Kate Arding,2026-06-12
The Cheese Shop of Des Moines,Des Moines,IA,https://thecheeseshopdsm.com,cheese,events_programming,https://thecheeseshopdsm.com/,"100+ artisan and farmhouse cheeses plus a tasting bar, events and workshops",2026-06-12
Corkscrew Wine & Cheese,Omaha,NE,,cheese,best_of_city_list,https://www.yelp.com/search?cflt=cheese&find_loc=Omaha%2C+NE,Omaha wine-and-cheese shop ranked among the city's best cheese shops,2026-06-12
The Mouse Hole Cheese Shop,Albuquerque,NM,https://mouseholeabq.square.site,cheese,best_of_city_list,https://www.newmexicomagazine.org/blog/post/new-mexico-cheesemakers/,Downtown ABQ shop where cheesemonger David Myers guides guests through dozens of award-winning cheeses,2026-06-12
Picnic Cheese Shop,Albuquerque,NM,,cheese,best_of_city_list,https://www.yelp.com/search?cflt=cheese&find_loc=Albuquerque%2C+NM,Ranked among Albuquerque's top cheese shops,2026-06-12
Cheesemongers of Santa Fe,Santa Fe,NM,https://cheesemongersofsantafe.com,cheese,best_of_city_list,https://cheesemongersofsantafe.com/,Cut-to-order shop featuring small-producer and farm cheeses with extensive sampling,2026-06-12
Cheese & Wine Traders,South Burlington,VT,,cheese,best_of_city_list,https://www.cheeseprofessor.com/blog/cheese-shops-we-love-cheese-and-wine-traders,"Carries 300+ cheeses and 2000 wines with a Vermont-local focus, profiled in The Cheese Professor's 'Cheese Shops We Love'",2026-06-12
Dedalus Wine Shop Market & Bar,Burlington,VT,,cheese,cmi_competitor,https://www.specialtyfood.com/news/article/judging-cheesemonger-invitational/,Wine shop with a serious cheese counter; monger Rory Stamp competed at the Cheesemonger Invitational,2026-06-12
Mill City Cheesemongers,Lowell,MA,,cheese,cmi_competitor,https://www.specialtyfood.com/news/article/judging-cheesemonger-invitational/,Monger Beth Falk was a Cheesemonger Invitational finalist representing this Lowell shop,2026-06-12
Pastoral Artisan Cheese Bread & Wine,Chicago,IL,,cheese,cmi_competitor,https://www.specialtyfood.com/news/article/judging-cheesemonger-invitational/,Chicago cheese shop whose mongers Jordan Edwards and Alex Armstrong competed at the Cheesemonger Invitational,2026-06-12
C'est Cheese,Santa Barbara,CA,,cheese,cmi_competitor,https://www.specialtyfood.com/news/article/judging-cheesemonger-invitational/,Santa Barbara cheese shop that sent mongers Shannon Voelkel and Joseph Ciardullo to the Cheesemonger Invitational,2026-06-12
The Cheese Shop,Durham,NC,,cheese,best_of_city_list,https://culturecheesemag.com/travel/triple-play-triangle/,"Durham's only artisanal cheese shop, opened 2011 by Patrick Coleff, featured in Culture magazine's Triangle guide",2026-06-12
Raleigh Cheesy,Raleigh,NC,,cheese,best_of_city_list,https://www.yelp.com/search?cflt=cheese&find_loc=Raleigh%2C+NC,Ranked among the Triangle's best cheese shops,2026-06-12
Oh La Vache,Long Beach,CA,https://ohlavachecheese.com,cheese,existing_club_transition,https://ohlavachecheese.com/cheese-of-the-month-club,Retro Row cheese shop running a $45/month monger-curated Cheese of the Month club with first-Friday pickups,2026-06-12
So Damn Gouda,Boulder,CO,,cheese,best_of_city_list,https://travelboulder.com/the-big-cheese-all-about-cheese-in-boulder/,Boulder cheese shop run by chef-turned-cheesemonger Mike Keuler with international and local cheeses,2026-06-12
Cured,Boulder,CO,,cheese,best_of_city_list,https://travelboulder.com/the-big-cheese-all-about-cheese-in-boulder/,Pearl Street specialty shop with hand-picked rotating cheese and charcuterie selection,2026-06-12
Cheese Importers,Longmont,CO,,cheese,best_of_city_list,https://www.cheeseprofessor.com/blog/colorado-cheese-guide,Family-operated Longmont destination with a comprehensive global cheese collection,2026-06-12
The Welsh Rabbit Cheese Shop,Fort Collins,CO,https://thewelshrabbit.com,cheese,best_of_city_list,https://thewelshrabbit.com/,Family-owned artisan cheese shop in Old Town Fort Collins,2026-06-12
The Cheese People of Colorado Springs,Colorado Springs,CO,,cheese,best_of_city_list,https://www.yelp.com/search?cflt=cheese&find_loc=Colorado+Springs%2C+CO,Ranked among Colorado Springs' best cheese shops,2026-06-12
Busy Corner Cheese and Provisions,Birmingham,AL,,cheese,best_of_city_list,https://www.facebook.com/busycornercheese/,Birmingham's only full-service cut-to-order cheese shop,2026-06-12
Belle Chevre Creamery and Cheese Shop,Huntsville,AL,,cheese,best_of_city_list,https://www.huntsville.org/listing/belle-chevre-creamery-and-cheese-shop/1255/,Artisan goat cheese creamery with a real retail cheese shop and cafe in Huntsville,2026-06-12
Raymond & Company Cheesemonger,Sonoma,CA,,cheese,best_of_city_list,https://www.yelp.com/search?cflt=cheese&find_loc=Sonoma+County%2C+CA,Independent cheesemonger ranked among Sonoma County's best cheese shops,2026-06-12
Oxbow Cheese & Wine Merchant,Napa,CA,,cheese,best_of_city_list,https://www.yelp.com/search?cflt=cheese&find_loc=Napa%2C+CA,Oxbow Public Market cheese-and-wine merchant ranked among Napa's best cheese shops,2026-06-12
Market Hall Foods,Oakland,CA,https://www.markethallfoods.com,cheese,best_of_city_list,https://www.markethallfoods.com/collections/cheese,Rockridge Market Hall shop home to one of the finest cheese counters in the Bay Area,2026-06-12
Neighbor Lady Cheese,Tacoma,WA,,cheese,best_of_city_list,https://www.yelp.com/search?cflt=cheese&find_loc=Tacoma%2C+WA,Independent Tacoma cheese shop ranked among the city's best,2026-06-12
Kitty G's Fine Meats & Cheese,Post Falls,ID,https://www.kittygsfinemeatsandcheese.com,cheese,small_market_local_dominance,https://www.kittygsfinemeatsandcheese.com/,Gourmet cheese and Italian meats shop with cheesemonger pairings serving the Spokane/Post Falls market,2026-06-12
Cavaniola's Gourmet Cheese Shop,Sag Harbor,NY,,cheese,best_of_city_list,https://www.cheeseprofessor.com/blog/long-island-east-end-cheese-shops,"Serving Sag Harbor fine cheese and specialty foods since 2004, in The Cheese Professor's East End guide",2026-06-12
The Village Cheese Shop,Mattituck,NY,https://www.thevillagecheeseshop.com,cheese,small_market_local_dominance,https://www.thevillagecheeseshop.com,North Fork staple for 23+ years with 150+ cheeses and accompaniments,2026-06-12
Babylon Cheese Cellar,Babylon,NY,,cheese,best_of_city_list,https://www.yelp.com/search?cflt=cheese&find_loc=long+island%2C+NY,Ranked among Long Island's best cheese shops,2026-06-12
Mint Premium Foods,Tarrytown,NY,,cheese,best_of_city_list,https://westchestermagazine.com/food/westchester-cheese-shops/,"International gourmet grocer with 100+ cheeses and sample-generous owners, in Westchester Magazine's top cheese shops",2026-06-12
The Greater Gouda,Columbus,OH,,cheese,best_of_city_list,https://www.yelp.com/search?cflt=cheese&find_loc=columbus%2C+OH,Independent cheese shop ranked among Columbus's best,2026-06-12
Carnardo Wine & Cheese,Columbus,OH,,cheese,best_of_city_list,https://www.yelp.com/search?cflt=cheese&find_loc=columbus%2C+OH,Wine-and-cheese shop ranked among Columbus's best cheese shops,2026-06-12
Black Radish Creamery,Columbus,OH,,cheese,best_of_city_list,https://www.drink-milk.com/where-to-buy-ohio-cheese/,Artisan creamery with a permanent retail storefront at Columbus's North Market (producer with real retail),2026-06-12
Village Cheese Shanty,Leland,MI,,cheese,small_market_local_dominance,https://www.yelp.com/search?cflt=cheese&find_loc=Traverse+City%2C+MI,Fishtown Leland institution ranked among northern Michigan's best cheese shops,2026-06-12
Petoskey Cheese,Petoskey,MI,,cheese,small_market_local_dominance,https://www.yelp.com/search?cflt=cheese&find_loc=Traverse+City%2C+MI,"Independent cheese shop serving the Petoskey/Traverse City market, ranked among the region's best",2026-06-12
Rockford Cheese Shop,Rockford,MI,,cheese,small_market_local_dominance,https://www.yelp.com/search?cflt=cheese&find_loc=Grand+Rapids%2C+MI,Independent cheese shop ranked among the Grand Rapids area's best,2026-06-12
Euphoric Cheese Shop,Farragut,TN,https://euphoriccheese.com,cheese,small_market_local_dominance,https://euphoriccheese.com/,The Knoxville area's only dedicated cut-to-order cheese shop with domestic and international artisan producers,2026-06-12
Bleu Fox Cheese Shop,Chattanooga,TN,https://www.bleufoxcheeseshop.com,cheese,best_of_city_list,https://www.bleufoxcheeseshop.com/,Chattanooga's artisan cheese and charcuterie shop with specialty groceries and event catering,2026-06-12
Fable Charcuterie + Wine,Lexington,KY,,cheese,best_of_city_list,https://www.yelp.com/search?cflt=cheese&find_loc=Lexington%2C+KY,Ranked among Lexington's best cheese shops,2026-06-12
Forward Foods,Norman,OK,https://forwardfoods.com,cheese,small_market_local_dominance,https://forwardfoods.com/,"Artisan cheese, charcuterie and pantry shop serving Norman/OKC since 2006",2026-06-12
Chalk n' Cheese,Laramie,WY,,cheese,small_market_local_dominance,https://blog.yelp.com/community/the-best-cheese-shop-in-every-state/,Named Wyoming's top cheese shop in Yelp's best-cheese-shop-in-every-state list,2026-06-12
Accent on Wine,Summerville,SC,,cheese,small_market_local_dominance,https://blog.yelp.com/community/the-best-cheese-shop-in-every-state/,Named South Carolina's top cheese shop in Yelp's state-by-state list (wine-and-cheese shop hybrid),2026-06-12
Blu the Cheese Shop,Tucson,AZ,,cheese,small_market_local_dominance,https://tucson.com/business/local/cheese-shop-opens-in-alfonso-olive-oil-store/article_d8c96689-d856-5213-af0d-d1319a061735.html,"One of only a few cheese shops in Tucson, selling artisanal cheeses at St. Philip's Plaza",2026-06-12
The Wheyfarer,Reno,NV,https://thewheyfarer.com,cheese,small_market_local_dominance,https://thewheyfarer.com/,Midtown Reno shop with hard-to-find artisan cheeses and knowledgeable pairing staff,2026-06-12
Keife & Co,New Orleans,LA,,cheese,best_of_city_list,https://www.yelp.com/search?cflt=cheese&find_loc=New+Orleans%2C+LA,Wine-and-provisions shop with curated cheese counter ranked among New Orleans' best cheese shops,2026-06-12
The Independent Caveau NOLA,New Orleans,LA,,cheese,best_of_city_list,https://www.yelp.com/search?cflt=cheese&find_loc=New+Orleans%2C+LA,Independent cheese shop ranked among New Orleans' best cheese shops,2026-06-12
Frederick Cheese Shop,Frederick,MD,,cheese,small_market_local_dominance,https://downtownfrederick.org/item/frederick-cheese-shop/,Downtown Frederick shop with carefully curated artisanal cheeses from around the world,2026-06-12
The Oregon Cheese Cave,Phoenix,OR,,cheese,small_market_local_dominance,https://traveloregon.com/things-to-do/eat-drink/artisan-producers/the-oregon-cheese-cave/,"Specialty cheese shop with world cheeses and an Oregon focus, run by cheesemonger Melodie Picard",2026-06-12
Green Dirt Farm Creamery,Weston,MO,,cheese,small_market_local_dominance,https://www.kcur.org/arts-life/2025-12-06/kansas-city-best-cheese-shops-markets-restaurants,"Sheep-milk creamery with a real retail creamery shop offering tours and tastings, in KCUR's KC cheese tour",2026-06-12
Lady & Larder,Santa Monica,CA,https://www.ladyandlarder.com,cheese,best_of_city_list,https://www.cheeseprofessor.com/blog/cheese-shops-we-love-lady-larder,Sister-owned all-American cheese and charcuterie shop profiled in The Cheese Professor's 'Cheese Shops We Love',2026-06-12
Nouvelle Maison,Winchester,MA,,cheese,best_of_city_list,https://culturecheesemag.com/shop-talk/cheesemongers-summer-cheese-pairings/,Winchester cheese shop whose co-owner and mongers were featured in Culture magazine's shop-talk pairing feature,2026-06-12
Maven's Market,Bozeman,MT,,cheese,small_market_local_dominance,https://visityellowstonecountry.com/wine-and-cheese-shops-in-montanas-yellowstone-country,"Bozeman market carrying 100+ meats and cheeses, featured in Yellowstone Country's wine-and-cheese shop guide",2026-06-12
Artisan Cheese Company,Sarasota,FL,https://www.artisancheesecompany.com,cheese,best_of_city_list,https://www.cheeseprofessor.com/blog/cheese-shops-we-love-artisan-cheese-company,Hand-cut-to-order artisan and farmstead cheese shop profiled in The Cheese Professor's 'Cheese Shops We Love',2026-06-12
Otto's Cheese Shop,San Antonio,TX,https://ottoscheeseshop.com,cheese,best_of_city_list,https://ottoscheeseshop.com/,Gourmet cheese and events shop ranked among San Antonio's best cheese shops,2026-06-12
Willow's Cheese Shop,San Antonio,TX,https://www.willowscheeseshop.com,cheese,events_programming,https://www.willowscheeseshop.com/,Cut-to-order specialty cheese and meats shop offering pairing classes,2026-06-12
Ten:One Artisanal Cheese Shop,Denton,TX,,cheese,best_of_city_list,https://www.yelp.com/search?find_loc=Fort+Worth%2C+TX&cflt=cheese,"Carefully sourced world cheeses with house-made accoutrements, ranked among the Fort Worth area's best",2026-06-12
Life Is Gouda,Virginia Beach,VA,,cheese,best_of_city_list,https://www.yelp.com/search?cflt=cheese&find_loc=Virginia+Beach%2C+VA,Independent cheese shop ranked among Virginia Beach's best,2026-06-12
Half-Shepherd Market & Cheese Shop,Athens,GA,,cheese,best_of_city_list,https://exploregeorgia.org/athens/food-drink/casual-full-service/half-shepherd-market-cheese-shop,Normaltown Athens cheese shop and market with an in-house cheesemonger,2026-06-12
The Cheese Wheel,Greenville,SC,,cheese,small_market_local_dominance,https://towncarolina.com/the-cheese-wheel/,Opened as Greenville's only dedicated cheese shop after the owner found none in the area,2026-06-12
Door Artisan Cheese Company,Egg Harbor,WI,,cheese,small_market_local_dominance,https://www.doorcounty.com/business-directory/shopping/door-artisan-cheese-company,Door County destination whose Cave Market store sells world artisan cheeses plus 20+ made on site,2026-06-12
Vivant Fine Cheese,Paso Robles,CA,https://www.vivantfinecheese.com,cheese,small_market_local_dominance,https://www.slovisitorsguide.com/vivant-fine-cheese-a-must-visit-shop-in-downtown-paso/,Central Coast's premiere cheese tasting room and shop pairing artisan cheese with local wine and beer,2026-06-12
The Cheese Shop Inc.,Paso Robles,CA,https://www.thecheeseshopinc.com,cheese,small_market_local_dominance,https://www.thecheeseshopinc.com/shop/paso-robles/280,Independent fine-cheese shop serving the Paso Robles wine country market,2026-06-12
The Cheese Iron,Scarborough,ME,https://www.thecheeseiron.com,cheese,best_of_city_list,https://www.cheeseconnoisseur.com/the-cheese-iron-cheese-connoisseur/,"Monger-owned cut-to-order cheese counter since 2006, profiled in Cheese Connoisseur",2026-06-12
South Street and Vine,Portsmouth,NH,,cheese,best_of_city_list,https://www.yelp.com/search?cflt=cheese&find_loc=Portsmouth%2C+NH+03801,Wine-and-cheese shop ranked among the best cheese shops in Portsmouth NH,2026-06-12
Savannah Wine & Cheese Shop,Savannah,GA,,cheese,best_of_city_list,https://www.yelp.com/search?cflt=cheese&find_loc=Savannah%2C+GA,Bay Street wine-and-cheese shop ranked among Savannah's best cheese stops,2026-06-12
The Cheese Traveler,Albany,NY,https://www.thecheesetraveler.com,cheese,best_of_city_list,https://www.thecheesetraveler.com/,Albany artisan cheese shop offering cut-to-order cheese with curated tastings and platters,2026-06-12
Bimi's Cheese Shop,Chatham,NY,,cheese,small_market_local_dominance,https://www.yelp.com/search?cflt=cheese&find_loc=Albany%2C+NY,Independent cheese shop ranked among the Albany/Hudson Valley region's best,2026-06-12
Rubiner's Cheesemongers & Grocers,Great Barrington,MA,,cheese,small_market_local_dominance,https://www.yelp.com/search?cflt=cheese&find_loc=Albany%2C+NY,Berkshires cheesemonger and grocer ranked among the region's best cheese shops,2026-06-12
Dom's Cheese Shop,Avon,CT,https://domscheese.com,cheese,small_market_local_dominance,https://domscheese.com/,Independent cheese shop serving the Hartford/Farmington Valley market,2026-06-12
The Rhined,Cincinnati,OH,https://therhined.com,cheese,ccp_credentialed,https://therhined.com/about,Cut-to-order cheese and wine shop by Findlay Market whose team includes two Certified Cheese Professionals and two CMI competitors,2026-06-12
The Cheese Shoppe,Lake Park,FL,https://the-cheese-shoppe.com,cheese,best_of_city_list,https://the-cheese-shoppe.com/,"Artisan cheese shop supporting cheesemakers worldwide, serving the Palm Beach market",2026-06-12
Gourmet Market French Specialties,Boca Raton,FL,,cheese,best_of_city_list,https://www.yelp.com/biz/gourmet-market-french-specialties-boca-raton,"Curated artisan cheese, charcuterie and French grocery shop ranked among Boca Raton's best cheese shops",2026-06-12
67 Gourmet,New York,NY,,cheese,best_of_city_list,https://www.westsiderag.com/2024/11/11/meet-an-upper-west-side-cheesemonger-the-transformative-power-of-deliciousness,"Upper West Side cheese nook run by accomplished cheesemonger Martin Johnson, praised by the NYT's Florence Fabricant",2026-06-12
Bubbly & Bleu,Honolulu,HI,https://bubblyandbleu.com,cheese,small_market_local_dominance,https://bubblyandbleu.com/,"Honolulu's first boutique dedicated to cheese, in the Kaimuki neighborhood",2026-06-12
DeLaurenti Food & Wine,Seattle,WA,https://delaurenti.com,cheese,best_of_city_list,https://www.pikeplacemarket.org/vendor/delaurenti-food-wine/,"Pike Place institution since 1946 with 200+ cheeses, among the first in Seattle to cut cheese to order",2026-06-12
Monsieur Marcel Gourmet Market,Los Angeles,CA,https://www.mrmarcel.com,cheese,best_of_city_list,https://www.mrmarcel.com/pages/our-story,Family-owned Farmers Market shop offering 300+ hand-cut cheeses for nearly 25 years,2026-06-12
The Chatham Cheese Company,Chatham,MA,https://www.chathamcheese.com,cheese,small_market_local_dominance,https://www.chathamcheese.com/,Cape Cod gourmet shop featuring artisanal cheeses from around the world,2026-06-12
North Falmouth Cheese Shop,North Falmouth,MA,http://www.northfalmouthcheese.com,cheese,small_market_local_dominance,http://www.northfalmouthcheese.com/,Cape Cod shop with small-batch artisanal cheeses and cured meats,2026-06-12
ACK Gioia,Brewster,MA,https://ackgioia.com,cheese,small_market_local_dominance,https://ackgioia.com/,"Mother-daughter team making fresh mozzarella, burrata and stracciatella with a retail shop on Cape Cod",2026-06-12
Tastings Gourmet Market,Annapolis,MD,https://tastingsgourmetmarket.com,cheese,best_of_city_list,https://tastingsgourmetmarket.com/about/,"European-style Annapolis market specializing in artisanal, farmstead and imported cheeses",2026-06-12
Annapolis Fine Cheese,Annapolis,MD,https://tasteannapolis.com,cheese,best_of_city_list,https://tasteannapolis.com/,Dedicated fine-cheese shop ranked among Annapolis's best cheese stops,2026-06-12
Cheese & Board,Chicago,IL,,cheese,ccp_credentialed,https://blockclubchicago.org/2025/07/31/cheese-board-turns-west-loop-residents-hobby-into-business/,"West Loop shop opened July 2025, led by ACS Certified Cheese Professional David Phillips (20+ years in cheese)",2026-06-12
Cheeses & Mary,Marietta,GA,,cheese,best_of_city_list,https://www.yelp.com/search?cflt=cheese&find_loc=Marietta%2C+GA,Owner-run cheese and charcuterie shop ranked among the Atlanta area's best cheese shops,2026-06-12
Roswell Provisions,Roswell,GA,,cheese,best_of_city_list,https://www.atlantaeats.com/blog/cheese-lovers-day/,Downtown Roswell shop with 125+ domestic and international cheeses,2026-06-12
Wahoo Wine and Provisions,Decatur,GA,,cheese,best_of_city_list,https://www.atlantaeats.com/blog/cheese-lovers-day/,Decatur wine-and-cheese shop with expert knowledge of fresh local cheeses,2026-06-12
Summit Cheese Shoppe,Summit,NJ,https://summitcheese.com,cheese,best_of_city_list,https://summitcheese.com/,Specializes in hand-cut cheeses of all kinds in downtown Summit,2026-06-12
Fourchette,Red Bank,NJ,https://www.fourchette-fromage.com,cheese,best_of_city_list,https://www.fourchette-fromage.com/red-bank-nj,Red Bank fromagerie carrying on the town's cheese-shop tradition,2026-06-12
Putnam Market,Saratoga Springs,NY,https://putnammarket.com,cheese,small_market_local_dominance,https://putnammarket.com/cheese/,Broadway market with a dedicated 45-degree Cheese Room and curated world and NY-farm cheeses,2026-06-12
VM Giordano Imports European Cheese Shop,Ithaca,NY,,cheese,small_market_local_dominance,https://www.yelp.com/search?cflt=cheese&find_loc=Ithaca%2C+NY+14850,European cheese import shop ranked among Ithaca's best cheese stops,2026-06-12
Parker's Table,St. Louis,MO,,cheese,best_of_city_list,https://www.stlmag.com/dining/top-places-to-buy-cheese-in-st-louis/,"Wine, gourmet market and cheese shop named Yelp's best cheese shop in Missouri in 2022",2026-06-12
Cheese Cave,Claremont,CA,https://www.claremontcheese.com,cheese,small_market_local_dominance,https://www.claremontcheese.com/about/,Sister-owned cut-to-order counter since 2010 with ~100 cheeses in Claremont Village,2026-06-12
Agnes Restaurant & Cheesery,Pasadena,CA,,cheese,best_of_city_list,https://www.yelp.com/search?cflt=cheese&find_loc=Claremont%2C+CA+91711,"Pasadena restaurant with a true retail cheesery counter, ranked among the area's best cheese shops",2026-06-12
The Cheese Shop at The Mix,Costa Mesa,CA,https://cheeseshopoc.com,cheese,best_of_city_list,https://cheeseshopoc.com/,Full-service cheese shop stocked with domestic and imported artisanal cheeses at the OC Mix,2026-06-12
The Rind,Sacramento,CA,https://www.therindsacramento.com,cheese,best_of_city_list,http://www.therindsacramento.com/cheese/,Sacramento cheese bar since 2013 selling 50+ artisan cheeses (cheese-bar/retail hybrid),2026-06-12
Look's Marketplace,Sioux Falls,SD,https://www.looksmarket.com,cheese,small_market_local_dominance,https://www.looksmarket.com/cheese/,Sioux Falls market with a vast artisan cheese counter and curated charcuterie,2026-06-12
Each Peach Market,Washington,DC,https://eachpeachmarket.com,cheese,events_programming,https://eachpeachmarket.com/collections/exploring-cheese,Mt. Pleasant market with monger-designed cheese boards and a cheese class program,2026-06-12
Caputo's Market & Deli,Salt Lake City,UT,https://caputos.com,cheese,events_programming,https://caputos.com/caputos-cheese-caves/,"Downtown SLC market with its own cheese caves, a staff affineur and cheese cave classes",2026-06-12
Mozz,Newport,RI,,cheese,best_of_city_list,https://www.rimonthly.com/mozz-newport/,"Husband-and-wife cheese shop making in-house burrata, scamorza and mozzarella on Bellevue Ave",2026-06-12
Newport Wine Cellar,Newport,RI,,cheese,best_of_city_list,https://www.rimonthly.com/cheese-rhode-island/,Carries ~50 imported and domestic cheeses alongside a 600-label wine cellar,2026-06-12
Wedge Cheese Shop,Warren,RI,,cheese,small_market_local_dominance,https://www.rimonthly.com/wedge-cheese-shop/,"Warren RI cheese shop selling crafty cheeseboards, covered by Rhode Island Monthly",2026-06-12
Provisions,Northampton,MA,,cheese,best_of_city_list,https://essexcheese.com/where-to-buy,Northampton wine-and-cheese shop carrying fine imported cheeses (Essex St. Cheese stockist),2026-06-12
The Cheese Shop of Virginia,Williamsburg,VA,https://cheeseshopwilliamsburg.com,cheese,small_market_local_dominance,https://cheeseshopwilliamsburg.com/,Williamsburg institution and dedicated cheese shop serving the historic-triangle market,2026-06-12
Southport Cheese Shoppe,Southport,NC,,cheese,small_market_local_dominance,https://www.yelp.com/search?cflt=cheese&find_loc=Wilmington%2C+NC,Ranked among the Wilmington NC area's best cheese shops,2026-06-12
Carolina Cheese & Provisions,Wilmington,NC,,cheese,best_of_city_list,https://www.yelp.com/search?cflt=cheese&find_loc=Wilmington%2C+NC,Independent cheese shop ranked among Wilmington's best,2026-06-12
The Cheese Cottage,Pensacola,FL,,cheese,best_of_city_list,https://www.yelp.com/search?cflt=cheese&find_loc=Pensacola%2C+FL,Pensacola cheese shop and wine bar ranked among the city's best cheese stops,2026-06-12
Golden Rind Cheese & Wine,Naples,FL,,cheese,best_of_city_list,https://www.yelp.com/search?cflt=cheese&find_loc=Naples%2C+FL,Cheese-and-wine shop ranked among Naples' best cheese shops,2026-06-12
Wasik's Cheese Shop,Wellesley,MA,,cheese,best_of_city_list,https://travelikealocalma.com/2018/11/01/10-best-boston-cheese-shops/,Family-run since 1979 with a large on-site ripening cellar so cheeses sell in prime condition,2026-06-12
The Cheese Shop of Concord,Concord,MA,,cheese,small_market_local_dominance,https://travelikealocalma.com/2018/11/01/10-best-boston-cheese-shops/,In business 50+ years carrying 150-200 cheeses at a time with sample-friendly counter staff,2026-06-12
Darien Cheese & Fine Foods,Darien,CT,https://dariencheese.com,cheese,best_of_city_list,https://www.cheeseprofessor.com/blog/connecticut-cheese-shops,"Ken Skovron's destination shop since 1967, 'Purveyors of the World's Finest Cheeses', with taste-before-you-buy service",2026-06-12
The Cheese Shop of Centerbrook,Centerbrook,CT,,cheese,small_market_local_dominance,https://www.ctbites.com/blog/2026/2/12/guide-to-the-best-cheesemongers-in-connecticut,"15-year destination for CT river towns stocking Mystic Cheese, Cato Corner and Arethusa alongside imports",2026-06-12
Milk & Hops,New York,NY,,cheese,best_of_city_list,https://www.cheeseprofessor.com/blog/astoriabierandcheese,Manhattan cheese-and-craft-beer shop spun out of Astoria Bier & Cheese,2026-06-12
Mancuso & Son,Philadelphia,PA,,cheese,best_of_city_list,https://www.phillyvoice.com/5-great-philly-cheesemongers-try-now/,"South Philly cheese shop with Italian specialties, named one of PhillyVoice's 5 great Philly-area cheesemongers",2026-06-12
Marche,Naperville,IL,,cheese,best_of_city_list,https://www.yelp.com/search?find_desc=Gourmet+Cheese+Shop&find_loc=Naperville%2C+IL,Wine-and-cheese shop where regulars make monthly trips for cheeses and charcuterie,2026-06-12
Lake Forest Food & Wine Specialties,Lake Forest,IL,,cheese,small_market_local_dominance,https://www.yelp.com/search?cflt=cheese&find_loc=Evanston%2C+IL,North Shore specialty food-and-wine shop ranked among Chicagoland's best cheese stops,2026-06-12
Good Company Cheese & Wine Shop,Newberg,OR,,cheese,small_market_local_dominance,https://traveloregon.com/things-to-do/oregon-attractions/shopping/good-company-cheese-wine-shop/,Cut-to-order cheese and charcuterie case run by a professional cheesemonger in Willamette wine country,2026-06-12
The Cheese Shops (Cold Spring & Beacon),Cold Spring,NY,https://www.thecheeseshops.com,cheese,best_of_city_list,https://www.cheeseprofessor.com/blog/cold-spring-cheese-shop,"Hudson Valley-focused cheese shop opened 2018, expanded to a second Beacon location in 2024",2026-06-12
Browne Trading Market,Portland,ME,https://www.brownetrading.com,cheese,best_of_city_list,https://visitmaine.com/things-to-do/dining-nightlife/gourmet-cheeses-maine-made-cheeses,Listed among Portland ME gourmet purveyors with a cut-to-order specialty cheese counter alongside seafood and fine foods.,2026-06-16
Life Love Cheese,Manchester,NH,,cheese,state_sweep,"https://www.yelp.com/search?cflt=cheese&find_loc=Manchester,+NH",Cited among the best cheese shops in New Hampshire as an independent cheesemonger.,2026-06-16
Angela's Pasta & Cheese Shop,Manchester,NH,https://www.angelaspastaandcheese.com,cheese,state_sweep,"https://www.yelp.com/search?cflt=cheese&find_loc=Manchester,+NH",Long-running NH specialty shop with a curated cut-to-order cheese counter and imported pastas.,2026-06-16
Edgewood Cheese Shop and Eatery,Cranston,RI,,cheese,state_sweep,https://patch.com/rhode-island/cranston/edgewood-cheese-shop-named-best-ri,Named best cheese shop in Rhode Island in Taste of Home's national ranking.,2026-06-16
Wickford Cheese & Sundry,North Kingstown,RI,,cheese,state_sweep,https://www.bostonglobe.com/2023/05/09/metro/where-buy-cheese-rhode-island/,Listed among Rhode Island cheese purveyors as an independent cut-to-order shop.,2026-06-16
Bon Appetit,Hamden,CT,,cheese,state_sweep,https://www.cheeseprofessor.com/blog/connecticut-cheese-shops,"50+ year CT gourmet/cheese shop that added ~5,000 sq ft of cheese aging space in 2015.",2026-06-16
Caseus Provisions,New Haven,CT,,cheese,state_sweep,https://www.ctbites.com/blog/2026/2/12/guide-to-the-best-cheesemongers-in-connecticut,Opened 2023 carrying 30+ cheeses from around the world with grilled cheese bar and charcuterie.,2026-06-16
The Cheese Corner,Hartford,CT,,cheese,state_sweep,https://www.yelp.com/search?cflt=cheese&find_loc=Hartford%2C+CT,Listed among Hartford-area independent cheese shops.,2026-06-16
Sardilli Produce & Dairy,Hartford,CT,,cheese,state_sweep,https://www.yelp.com/search?cflt=cheese&find_loc=Hartford%2C+CT,Hartford specialty dairy and cheese purveyor cited among CT's best cheese sources.,2026-06-16
Cherry Street Cheese and Provisions,New Canaan,CT,,cheese,state_sweep,https://www.ctbites.com/blog/2026/2/12/guide-to-the-best-cheesemongers-in-connecticut,"Husband-and-wife-run New Canaan shop offering curated cheeses, charcuterie, sandwiches and catering.",2026-06-16
Cheese Louise,Rhinebeck,NY,,cheese,best_of_city_list,https://www.villagegreenrealty.com/blog/hudson-valley-cheese-map.html,Hudson Valley shop featuring more than 200 hand-cut cheeses from around the world.,2026-06-16
Cold Spring Cheese Shop,Cold Spring,NY,,cheese,best_of_city_list,https://www.chronogram.com/food-drink/3-destination-cheese-shops-in-the-hudson-valley-6262251/,Owner Timothy Haskell sources local cheeses straight from Hudson Valley producers.,2026-06-16
Worldlings Pleasure,Albany,NY,,cheese,state_sweep,"https://www.yelp.com/search?cflt=cheese&find_loc=Albany,+NY",Cited among Albany's best cheese shops as an independent cheesemonger.,2026-06-16
Old Brooklyn Cheese Company,Cleveland,OH,,cheese,state_sweep,https://www.yelp.com/search?cflt=cheese&find_loc=Cleveland%2C+OH,"Cleveland shop with an impressive cut selection of cheese, dips and charcuterie boards plus a seasonal sandwich menu.",2026-06-16
Weiland's Market,Columbus,OH,https://www.weilandsmarket.com,cheese,state_sweep,https://www.weilandsmarket.com/departments/cheese/,Columbus market with a dedicated cheesemonger (Anne Marie) who special-orders cheeses and promotes Ohio cheesemakers.,2026-06-16
Mad Cheese,Louisville,KY,,cheese,state_sweep,"https://www.yelp.com/search?cflt=cheese&find_loc=Louisville,+KY",Listed among Louisville's best cheese shops as an independent cheesemonger.,2026-06-16
Bert's Meat & Cheese,Louisville,KY,,cheese,state_sweep,"https://www.yelp.com/search?cflt=cheese&find_loc=Louisville,+KY",Louisville meat-and-cheese shop cited among the city's top cheese purveyors.,2026-06-16
The Cheese Lady,Grand Rapids,MI,https://thecheeselady.net,cheese,state_sweep,"https://www.yelp.com/search?cflt=cheese&find_loc=Grand+Rapids,+MI","Independent Michigan cheesemonger with a cut-to-order counter, named among Grand Rapids' best.",2026-06-16
Say Cheese GR,Grand Rapids,MI,,cheese,state_sweep,"https://www.yelp.com/search?cflt=cheese&find_loc=Grand+Rapids,+MI",Grand Rapids independent cheese shop cited among the city's best.,2026-06-16
The Cheese People of Grand Rapids,Grand Rapids,MI,https://ordercheesepeoplemi.com,cheese,state_sweep,https://ordercheesepeoplemi.com/,Grand Rapids cheesemonger selling curated cheeses at local Michigan farmers markets and online.,2026-06-16
Mongers' Provisions,Ann Arbor,MI,https://mongersprovisions.com,cheese,best_of_city_list,"https://www.yelp.com/search?cflt=cheese&find_loc=Ann+Arbor,+MI",Ann Arbor / Detroit cheesemonger offering cut-to-order artisanal cheese and provisions.,2026-06-16
Zingerman's Creamery,Ann Arbor,MI,https://www.zingermanscreamery.com,cheese,best_of_city_list,"https://www.yelp.com/search?cflt=cheese&find_loc=Ann+Arbor,+MI","Ann Arbor creamery and cheese destination offering cow, goat and sheep milk cheeses with a curated counter.",2026-06-16
Dolcetto,Ann Arbor,MI,,cheese,best_of_city_list,"https://www.yelp.com/search?find_desc=Cheese+Shops&find_loc=Ann+Arbor,+MI",Ann Arbor specialty shop cited among the city's best cheese sources.,2026-06-16
Madison Cheese Shop & Cafe,Madison,WI,,cheese,state_sweep,https://www.yelp.com/search?cflt=cheese&find_loc=madison%2C+WI,Madison cheese shop with highly knowledgeable staff that matches customers to cheese preferences.,2026-06-16
The Wine & Cheese Place,St. Louis,MO,https://www.wineandcheeseplace.com,cheese,state_sweep,https://www.stlmag.com/dining/top-places-to-buy-cheese-in-st-louis/,Founded 1982 as The Cheese Place; deep boutique domestic and imported cheese selection cut to order.,2026-06-16
Wild Olive Provisions,St. Louis,MO,,cheese,state_sweep,https://www.stlmag.com/dining/top-places-to-buy-cheese-in-st-louis/,St. Louis provisions shop listed among the city's top cheese sources.,2026-06-16
The Wine Merchant,Clayton,MO,,cheese,state_sweep,https://www.stlmag.com/dining/top-places-to-buy-cheese-in-st.-louis/,St. Louis-area shop with a master cheesemonger on staff offering pairing recommendations.,2026-06-16
Gilbert Whitney & Company,Kansas City,MO,,cheese,state_sweep,https://www.kcur.org/arts-life/2025-12-06/kansas-city-best-cheese-shops-markets-restaurants,Kansas City cheese shop cited among the area's best cheesemongers.,2026-06-16
Silo Market,Nashville,TN,,cheese,state_sweep,https://www.yelp.com/search?cflt=cheese&find_loc=Nashville%2C+TN,Nashville cheese-focused market listed among the city's best cheese shops.,2026-06-16
Ladies of the Lamb,Nashville,TN,,cheese,state_sweep,https://www.yelp.com/search?cflt=cheese&find_loc=Nashville%2C+TN,Nashville cheese/charcuterie purveyor cited among the city's top cheese sources.,2026-06-16
Little Hats Italian Market,Nashville,TN,,cheese,state_sweep,https://www.yelp.com/search?cflt=cheese&find_loc=Nashville%2C+TN,"Nashville Italian market with a curated cheese counter, listed among the city's best.",2026-06-16
LaBodega by Curate,Asheville,NC,,cheese,best_of_city_list,"https://www.yelp.com/search?cflt=cheese&find_loc=Asheville,+nc","Asheville Spanish market/cheesemonger from the Cúrate team, noted among the city's cheese shops.",2026-06-16
Charleston Artisan Cheesehouse,Charleston,SC,,cheese,state_sweep,"https://www.yelp.com/search?cflt=cheese&find_loc=Charleston,+SC",Charleston artisanal cheese shop cited among the city's best cheesemongers.,2026-06-16
Humble Roots,Greenville,SC,,cheese,state_sweep,https://www.yelp.com/search?cflt=cheese&find_loc=Greenville%2C+SC,Greenville shop listed among the city's top cheese sources.,2026-06-16
Wine & Cheese If You Please,Savannah,GA,,cheese,wine_and_cheese,"https://www.yelp.com/search?cflt=cheese&find_loc=Savannah,+GA",Savannah wine-and-cheese shop listed among the city's best cheese sources.,2026-06-16
The Cheese Place,Charlottesville,VA,,cheese,state_sweep,https://www.yelp.com/search?cflt=cheese&find_loc=Charlottesville%2C+VA,"Charlottesville cheese shop with small-town feel known for housemade pimiento & brie, cited among the city's best.",2026-06-16
Stonyman Gourmet Farmer,Bethesda,MD,,cheese,best_of_city_list,"https://www.yelp.com/search?cflt=cheese&find_loc=Bethesda,+MD",Top-rated Bethesda gourmet cheese purveyor cited among the area's best cheesemongers.,2026-06-16
Fleur de Lis Cheese Shop,Bethesda,MD,,cheese,best_of_city_list,"https://www.yelp.com/search?cflt=cheese&find_loc=Bethesda,+MD",Bethesda cheese shop cited among the area's best cheesemongers.,2026-06-16
Milk And Honey Market,Baltimore,MD,,cheese,best_of_city_list,https://www.cbsnews.com/baltimore/news/best-cheese-shops-in-baltimore/,"Mt. Vernon Baltimore market offering artisan cheese platters (brie, manchego, chevre, cheddar).",2026-06-16
Trinacria,Baltimore,MD,,cheese,best_of_city_list,https://www.cbsnews.com/baltimore/news/best-cheese-shops-in-baltimore/,"100+ year Baltimore Italian specialty shop with a cheese counter, cited among the city's best.",2026-06-16
The Cheese Cartel,Gaithersburg,MD,,cheese,best_of_city_list,https://www.yelp.com/search?cflt=cheese&find_loc=Montgomery+County%2C+MD,Montgomery County MD cheese shop cited among the area's top cheesemongers.,2026-06-16
The Cheese Palette,Salt Lake City,UT,,cheese,state_sweep,"https://www.yelp.com/search?cflt=cheese&find_loc=Salt+Lake+City,+UT",Salt Lake City cheese shop cited among the area's best cheesemongers.,2026-06-16
Blu - A Wine and Cheese Stop,Tucson,AZ,,cheese,wine_and_cheese,https://tucson.com/business/local/blu-a-wine-and-cheese-stop-opens-on-tucson-s/article_ef74b4db-a916-5039-9792-3d8149a7dec1.html,"Tucson shop with certified cheesemongers and 30-40 cut-to-order specialty cheeses, mostly domestic.",2026-06-16
Newport Avenue Market,Bend,OR,https://newportavemarket.com,cheese,best_of_city_list,https://newportavemarket.com/cheese,Bend market that hand-packs every piece of cheese with cheese experts behind the counter cutting to order.,2026-06-16
Paris-Madrid Grocery,Seattle,WA,,cheese,state_sweep,https://www.yelp.com/search?cflt=cheese&find_loc=Seattle%2C+WA,Seattle European grocery with a curated cheese counter cited among the city's best cheese shops.,2026-06-16
Crimson Cove,Seattle,WA,,cheese,state_sweep,"https://www.yelp.com/search?find_desc=gourmet+cheese+shop&find_loc=Seattle,+WA",Seattle specialty shop cited among the city's top gourmet cheese sources.,2026-06-16
King's Mozzarella,Seattle,WA,,cheese,state_sweep,https://www.yelp.com/search?cflt=cheese&find_loc=Seattle%2C+WA,Seattle/Tacoma fresh mozzarella and cheese maker-retailer cited among the area's best cheese shops.,2026-06-16
Wanderlust Delicato,Spokane,WA,,cheese,state_sweep,"https://www.yelp.com/search?cflt=cheese&find_loc=Spokane,+WA",Spokane specialty shop cited among the city's top cheese sources.,2026-06-16
The Mozzarella Company,Dallas,TX,https://www.mozzco.com,cheese,state_sweep,https://www.yelp.com/search?cflt=cheese&find_loc=Dallas%2C+TX,"Dallas artisan cheese maker with a retail shop selling fresh handmade mozzarella and Italian cheeses, cited among the city's best.",2026-06-16
Cheese Peddlers,Dallas,TX,,cheese,state_sweep,https://www.yelp.com/search?cflt=cheese&find_loc=Dallas%2C+TX,Dallas cheese shop cited among the city's best cheesemongers.,2026-06-16
Amor y Queso,Dallas,TX,,cheese,state_sweep,https://www.yelp.com/search?cflt=cheese&find_loc=Dallas%2C+TX,Dallas cheese-and-charcuterie shop cited among the city's best cheese sources.,2026-06-16
Talk Curdy to Me,Houston,TX,,cheese,state_sweep,https://houstonfoodfinder.com/foodfinds/best-places-to-shop-for-cheese-in-houston/,Houston cheese shop cited among the city's best places to shop for cheese.,2026-06-16
For The Love Of Charcuterie,Houston,TX,,cheese,state_sweep,https://houstonfoodfinder.com/foodfinds/best-places-to-shop-for-cheese-in-houston/,Houston cheese-and-charcuterie purveyor listed among the city's best cheese shops.,2026-06-16
Lake Wine & Spirits,Minneapolis,MN,,cheese,wine_and_cheese,https://www.cheeseprofessor.com/blog/cheese-lovers-guide-to-minneapolis,Uptown Minneapolis shop with well-curated rotating domestic/imported cheese and made-to-order cheese sandwiches.,2026-06-16
Cheese Bar,Des Moines,IA,https://www.cheesebardsm.com,cheese,best_of_city_list,https://www.cheesebardsm.com/,"Des Moines cheese bar (sister to The Cheese Shop of Des Moines) with housemade charcuterie, fondue and raclette.",2026-06-16
Northwoods Cheese Haus,Omaha,NE,,cheese,state_sweep,https://www.yelp.com/search?cflt=cheese&find_loc=Omaha%2C+NE,Omaha cheese shop cited among the city's best cheese sources.,2026-06-16
The Meat and Cheese Show,Tulsa,OK,,cheese,small_market_local_dominance,https://www.cheeseprofessor.com/blog/the-meat-and-cheese-show-tulsa,"Tulsa's only artisan cheese shop, carrying cheeses from around the world in the Meadow Gold District on Route 66.",2026-06-16
Charcuteray,Tulsa,OK,,cheese,state_sweep,"https://www.yelp.com/search?cflt=cheese&find_loc=Tulsa,+OK",Tulsa cheese-and-charcuterie shop cited among the city's best cheese sources.,2026-06-16
Abundant Boards,Tulsa,OK,,cheese,state_sweep,https://tulsaworld.com/lifestyles/food-and-cooking/these-are-the-best-places-to-buy-or-order-cheese/collection_3428e5d3-692e-5740-bf30-14202df14f9d.html,Tulsa cheese/charcuterie purveyor listed among the best places to buy cheese in Tulsa.,2026-06-16
The Dainty Fig,Tulsa,OK,,cheese,state_sweep,"https://www.yelp.com/search?cflt=cheese&find_loc=Tulsa,+OK",Tulsa cheese/charcuterie shop cited among the city's best cheese sources.,2026-06-16
Queso - Artisan Cheese,Birmingham,AL,,cheese,state_sweep,https://www.facebook.com/Quesofinecheese/,"Birmingham fine artisan cheese shop with an honest, knowledgeable, experienced cheesemonger.",2026-06-16
Son of a Butcher,Birmingham,AL,https://thesonofabutcher.com,cheese,existing_club_transition,https://thesonofabutcher.com/monthlycheeseclub,Birmingham shop runs a Monthly Cheese Club; cheesemongers with 30+ years combined experience sourcing world and local cheeses.,2026-06-16
Vine & Olive Colony Cheese Shop,Birmingham,AL,,cheese,state_sweep,"https://www.yelp.com/search?find_desc=Artisan+Cheese+Shop&find_loc=Birmingham,+AL",Birmingham-area artisan cheese shop cited among the city's best cheese sources.,2026-06-16
Smiley Brothers Specialty Foods,Birmingham,AL,,cheese,state_sweep,"https://www.yelp.com/search?cflt=cheese&find_loc=Birmingham,+AL","Birmingham specialty food shop with a curated cheese counter, cited among the city's best.",2026-06-16
Simply Cheese,Orlando,FL,,cheese,state_sweep,"https://www.yelp.com/search?find_desc=gourmet+cheese+shop&find_loc=Orlando,+FL",Orlando cheese shop cited among the city's best gourmet cheese sources.,2026-06-16
Formaggio & Friends,Orlando,FL,,cheese,state_sweep,"https://www.yelp.com/search?find_desc=gourmet+cheese+shop&find_loc=Orlando,+FL",Orlando cheese-and-charcuterie shop cited among the city's best cheese sources.,2026-06-16
Let it Brie,Orlando,FL,,cheese,state_sweep,"https://www.yelp.com/search?cflt=cheese&find_loc=ORLANDO,+FL",Orlando cheese shop cited among the city's best cheese sources.,2026-06-16
Cheese Please,Tampa,FL,,cheese,state_sweep,"https://www.yelp.com/search?cflt=cheese&find_loc=Tampa,+FL",Tampa Bay cheese shop cited among the area's best cheese sources.,2026-06-16
Cheeseology,Tampa,FL,,cheese,state_sweep,"https://www.yelp.com/search?cflt=cheese&find_loc=Tampa,+FL",Tampa Bay cheese shop cited among the area's best cheese sources.,2026-06-16
Chevre,Miami,FL,,cheese,state_sweep,"https://www.yelp.com/search?cflt=cheese&find_loc=miami,+FL",Miami cheese shop cited among the city's best cheesemongers.,2026-06-16
The Miami Larder,Miami,FL,,cheese,state_sweep,"https://www.yelp.com/search?cflt=cheese&find_loc=miami,+FL","Miami specialty larder with a curated cheese counter, cited among the city's best.",2026-06-16
The Cheese Course,Miami,FL,https://thecheesecourse.com,cheese,state_sweep,"https://www.yelp.com/search?cflt=cheese&find_loc=miami,+FL","Miami cheese shop and market with cut-to-order artisan cheese, cited among the city's best.",2026-06-16
Crafted Nibbles,Baton Rouge,LA,,cheese,state_sweep,"https://www.yelp.com/search?find_desc=Cheese+Shops&find_loc=Baton+Rouge,+LA",Baton Rouge shop specializing in cheese and charcuterie boards built in front of the customer.,2026-06-16
Acquistapace's Wine & Cheese,Covington,LA,,cheese,wine_and_cheese,https://www.cheeseconnoisseur.com/the-big-easy-cheese-emerging-as-a-superstar/,Louisiana wine-and-cheese shop cited among the New Orleans area's best cheese sources.,2026-06-16
Bay Head Cheese Shop and Bottle Too,Bay Head,NJ,,cheese,small_market_local_dominance,https://www.njfamily.com/the-best-specialty-cheese-shops-in-nj/,Bay Head NJ cheese shop with knowledgeable staff and cheeses from nearby farms.,2026-06-16
The Cheesemongers Fromagerie,Cranford,NJ,,cheese,fromagerie,https://www.njfamily.com/the-best-specialty-cheese-shops-in-nj/,NJ fromagerie with knowledgeable staff helping customers select cheeses and wine pairings.,2026-06-16
Whitehouse Shady Hollow Farm,Whitehouse Station,NJ,,cheese,state_sweep,https://ediblejersey.ediblecommunities.com/eat/eat-new-milky-way-new-jersey-cheese-shops-and-artisans/,"NJ shop with 13 cheddars, cheeses from 14 countries plus fresh mutz, ricotta and basket cheese cut to order.",2026-06-16
Mr. Charcuterie,Evanston,IL,,cheese,best_of_city_list,https://www.yelp.com/search?cflt=cheese&find_loc=Evanston%2C+IL,North Shore Chicago cheese-and-charcuterie shop cited among Evanston's and Chicago's best cheese sources.,2026-06-16
Stamper Cheese,Chicago,IL,,cheese,best_of_city_list,https://www.yelp.com/search?cflt=cheese&find_loc=Chicago%2C+IL,Chicago cheese shop cited among the city's best cheesemongers.,2026-06-16
Augusta Food and Wine,Chicago,IL,,cheese,wine_and_cheese,https://www.yelp.com/search?cflt=cheese&find_loc=Chicago%2C+IL,Chicago wine-and-cheese shop cited among the city's best cheese sources.,2026-06-16
Dobbs & Bishop Fine Cheese,Hastings-on-Hudson,NY,https://www.dobbsandbishop.com,cheese,best_of_city_list,https://westchestermagazine.com/food/westchester-cheese-shops/,"Westchester shop offering hand-cut cheeses, house-made platters and gourmet finds for over a decade.",2026-06-16
Curds & Whey,Bronxville,NY,,cheese,best_of_city_list,https://www.yelp.com/search?cflt=cheese&find_loc=Westchester+County%2C+NY,Westchester County cheese shop cited among the area's top gourmet cheese sources.,2026-06-16
Scott & Joe,Westchester,NY,,cheese,best_of_city_list,"https://www.yelp.com/search?find_desc=Gourmet+Cheese+Shop&find_loc=Westchester+County,+NY",Westchester County cheese shop cited among the area's top gourmet cheese sources.,2026-06-16
109 Cheese and Wine,Westchester,NY,,cheese,wine_and_cheese,"https://www.yelp.com/search?find_desc=Gourmet+Cheese+Shop&find_loc=Westchester+County,+NY",Westchester County wine-and-cheese shop cited among the area's top cheese sources.,2026-06-16
Carlino's Specialty Foods,Ardmore,PA,,cheese,best_of_city_list,https://www.phillymag.com/foobooz/cheese-shops-philadelphia/,Old-world Italian grocery (since 1983) on the Main Line with hundreds of cheeses plus its own farmstead cheeses.,2026-06-16
Cornerstone,Wayne,PA,,cheese,best_of_city_list,https://www.phillymag.com/foobooz/cheese-shops-philadelphia/,Main Line Wayne PA bistro/artisan market and bottle shop with a strong cheese selection.,2026-06-16
Wayne Cheese Cave,Wayne,PA,,cheese,best_of_city_list,https://www.phillymag.com/foobooz/cheese-shops-philadelphia/,Main Line Wayne PA cheese shop offering specialty cheeses and items like marinated feta.,2026-06-16
Cowgirl Creamery,Point Reyes Station,CA,https://www.cowgirlcreamery.com,cheese,best_of_city_list,https://www.visitmarin.org/blog/dining-in-marin-collection/marin-cheese-lovers-unite/,"Point Reyes Station creamery and cheese shop known for triple-cream Mt. Tam, with a retail cheese counter.",2026-06-16
Di Bruno Bros.,Philadelphia,PA,https://dibruno.com,cheese,best_of_city_list,https://www.phillymag.com/foobooz/cheese-shops-philadelphia/,Iconic Philadelphia specialty cheesemonger with 100+ cheeses and knowledgeable staff; regional independent group.,2026-06-16
Cailloux Cheese Shop,Santa Barbara,CA,https://caillouxcheese.com,cheese,best_of_city_list,https://sbcountywines.com/portfolio_page/cailloux-cheese-shop/,"Santa Barbara artisanal cheese shop specializing in cut-to-order artisan cheeses, cured meats, bread and accoutrements.",2026-06-16
Brie Mine Charcuterie,Sacramento,CA,,cheese,state_sweep,"https://www.yelp.com/search?find_desc=Cheesemonger&find_loc=Sacramento,+CA",Sacramento cheese-and-charcuterie purveyor cited among the city's best cheesemongers.,2026-06-16
Elderslie Farm Creamery & Cheese Shop,Wichita,KS,https://www.eldersliefarm.com,cheese,small_market_local_dominance,https://www.yelp.com/search?cflt=cheese&find_loc=Wichita%2C+KS,Farm north of Wichita with a Creamery & Cheese Shop and farm-to-table cafe selling fine cheeses by traditional methods.,2026-06-16
Vault,Wichita,KS,,cheese,state_sweep,https://www.yelp.com/search?cflt=cheese&find_loc=Wichita%2C+KS,Wichita cheese shop cited among the city's best cheesemongers.,2026-06-16
Cured and Whey,Las Vegas,NV,https://curedandwhey.com,cheese,state_sweep,https://curedandwhey.com/,"Las Vegas shop with 200+ cheeses and 60+ meats from around the world, open to the public and cut to order.",2026-06-16
Board and Graze,Las Vegas,NV,,cheese,state_sweep,"https://www.yelp.com/search?find_desc=gourmet+cheese+shop&find_loc=Las+Vegas,+NV",Las Vegas cheese-and-charcuterie shop cited among the city's best gourmet cheese sources.,2026-06-16
La Salumeria,Las Vegas,NV,,cheese,state_sweep,"https://www.yelp.com/search?find_desc=gourmet+cheese+shop&find_loc=Las+Vegas,+NV","Las Vegas Italian salumeria with a curated cheese counter, cited among the city's best.",2026-06-16
BackPorch Market,Reno,NV,,cheese,state_sweep,"https://www.yelp.com/search?cflt=cheese&find_loc=Reno,+NV",Reno specialty market with a cheese counter cited among the city's best cheese sources.,2026-06-16
Newcastle Cheese Shop,Reno,NV,,cheese,state_sweep,"https://www.yelp.com/search?cflt=cheese&find_loc=Reno,+NV",Reno cheese shop cited among the city's best cheesemongers.,2026-06-16
Angelo's Italian Market,Indianapolis,IN,,cheese,state_sweep,https://www.yelp.com/search?cflt=cheese&find_loc=Indianapolis%2C+IN,"Indianapolis Italian market with a curated cut cheese counter, cited among the city's best.",2026-06-16
Goose The Market,Indianapolis,IN,https://www.goosethemarket.com,cheese,state_sweep,https://do317.com/p/best-cheese-in-indianapolis,"Indianapolis specialty market with a notable cheese and charcuterie counter, cited among the city's best.",2026-06-16
Mass Ave Wine,Indianapolis,IN,,cheese,wine_and_cheese,https://do317.com/p/best-cheese-in-indianapolis,"Indianapolis wine shop with a curated cheese selection, cited among the city's best cheese sources.",2026-06-16
Formaggio Essex,New York,NY,https://www.formaggiokitchen.com,cheese,best_of_city_list,https://www.cheeseprofessor.com/blog/7-best-cheese-places-new-york-city,"Lower East Side cheese shop specializing in hand-picked cheeses from small producers, plus artisanal olives and cured meats.",2026-06-16
Cheese Plate Park Slope,Brooklyn,NY,,cheese,best_of_city_list,"https://www.yelp.com/search?cflt=cheese&find_loc=Brooklyn,+NY",Park Slope Brooklyn cheese shop cited among the borough's top-rated cheese sources.,2026-06-16
DTLA Cheese + Kitchen,Los Angeles,CA,,cheese,best_of_city_list,https://www.timeout.com/los-angeles/shopping/dtla-cheese-kitchen,Grand Central Market full-service cut-to-order cheese counter and eatery offering over 100 cheeses.,2026-06-16
Wine and Cheese Cask,Somerville,MA,https://www.thecask.com,cheese,wine_and_cheese,https://www.cheeseprofessor.com/blog/where-to-find-the-best-cheese-in-boston-amp-beyond,Somerville shop with a well-curated cheese selection paired with an extensive wine selection.,2026-06-16
Pemberton Farms Marketplace,Cambridge,MA,https://www.pembertonfarms.com,cheese,best_of_city_list,https://www.cheeseprofessor.com/blog/where-to-find-the-best-cheese-in-boston-amp-beyond,"Cambridge marketplace where locals shop for cut cheese, cited among Boston-area best.",2026-06-16
Dave's Fresh Pasta,Somerville,MA,https://www.davesfreshpasta.com,cheese,best_of_city_list,https://www.cheeseprofessor.com/blog/where-to-find-the-best-cheese-in-boston-amp-beyond,Davis Square shop with a curated cheese counter cited among Boston-area best.,2026-06-16
Righteous Cheese,Washington,DC,https://www.righteouscheese.com,cheese,best_of_city_list,https://dcist.com/story/18/09/14/how-to-navigate-dcs-cheese-scene-fr/,Union Market DC cheese counter with a small bar and cheesemongers offering explanation and samples.,2026-06-16
La Fromagerie,Alexandria,VA,https://www.lafromagerieva.com,cheese,fromagerie,https://dcist.com/story/13/09/04/the-five-stinkiest-cheese-shops-in-dc/,Alexandria VA shop specializing in American artisan cheese plus local producers like Firefly Farms and Keswick Creamery.,2026-06-16
Rockridge Market Hall,Oakland,CA,https://rockridgemarkethall.com,cheese,best_of_city_list,https://www.yelp.com/search?cflt=cheese&find_loc=San+Francisco+Bay+Area%2C+CA,"Oakland Rockridge market with a dedicated cut-to-order cheese counter, cited among the Bay Area's best.",2026-06-16
Carruth Cellars,San Diego,CA,https://carruthcellars.com,cheese,wine_and_cheese,https://carruthcellars.com/cheese-shop/,"San Diego shop with artisan cheeses cut and packaged onsite by the ounce, paired with wine.",2026-06-16
Baker & Olive,Encinitas,CA,https://www.bakerandolive.com,cheese,best_of_city_list,https://lovelysandiegohomes.com/specialty-cheese-stores-in-san-diego/,"Chef-inspired San Diego-area specialty shop carrying artisan cheeses, balsamics, olive oils and boutique wines.",2026-06-16
Janssen's Market,Wilmington,DE,https://janssensfinefoods.com,cheese,state_sweep,https://janssensfinefoods.com/shop-janssens/cheese/,"Wilmington DE fine foods market with a curated cut cheese counter, cited among the city's best.",2026-06-16
Chefs' Haven,Wilmington,DE,,cheese,state_sweep,https://www.yelp.com/search?cflt=cheese&find_loc=Wilmington%2C+DE,Wilmington DE specialty shop with a cheese counter cited among the city's best cheese sources.,2026-06-16
Town Clock Cheese Shoppe,Newark,DE,,cheese,state_sweep,https://www.yelp.com/search?cflt=cheese&find_loc=Wilmington%2C+DE,Delaware cheese shop cited among the Wilmington area's best cheese sources.,2026-06-16
Chester River Wine & Cheese,Chestertown,MD,,cheese,wine_and_cheese,https://www.yelp.com/search?cflt=cheese&find_loc=Wilmington%2C+DE,Eastern Shore wine-and-cheese shop cited among the regional best cheese sources.,2026-06-16
Wm Cofield Cheesemakers,Sebastopol,CA,https://www.wmcofield.com,cheese,best_of_city_list,"https://www.yelp.com/search?cflt=cheese&find_loc=Sonoma+County,+CA","Sonoma County cheesemaker with a retail shop and tasting room, cited among the area's best cheese shops.",2026-06-16
Petaluma Cheese Shop,Petaluma,CA,,cheese,best_of_city_list,"https://www.yelp.com/search?cflt=cheese&find_loc=Sonoma+County,+CA",Sonoma County cheese shop cited among the area's best cheesemongers.,2026-06-16
The Epicurean Connection,Sonoma,CA,https://www.theepicureanconnection.com,cheese,best_of_city_list,"https://www.yelp.com/search?cflt=cheese&find_loc=Napa,+CA",Sonoma cheese shop and cheesemaker (Sheana Davis) cited among Napa/Sonoma's best cheese sources.,2026-06-16
Salumeria Ovello,Napa,CA,,cheese,best_of_city_list,"https://www.yelp.com/search?cflt=cheese&find_loc=Napa,+CA","Napa Italian salumeria with a curated cheese counter, cited among the area's best.",2026-06-16
Hillsborough Cheese Company,Hillsborough,NC,,cheese,state_sweep,https://www.yelp.com/search?cflt=cheese&find_loc=Durham%2C+NC,NC Triangle cheese company cited among the Raleigh-Durham area's best cheese sources.,2026-06-16
Wedgewood Cheese Bar,Raleigh,NC,,cheese,state_sweep,"https://www.yelp.com/search?cflt=cheese&find_loc=Raleigh,+NC",Raleigh cheese bar cited among the area's best cheese sources.,2026-06-16
Reliable Cheese Company,Durham,NC,,cheese,small_market_local_dominance,https://culturecheesemag.com/travel/triple-play-triangle/,"Opened 2011; Durham's only artisanal cheese shop, curating local makers like Chapel Hill Creamery and Boxcarr.",2026-06-16
A Southern Season,Chapel Hill,NC,,cheese,best_of_city_list,https://culturecheesemag.com/travel/triple-play-triangle/,Chapel Hill shop with nearly 300 cheeses at its counter under an American Cheese Society certified cheesemonger.,2026-06-16
Martha's Vineyard Cheesery,Vineyard Haven,MA,https://www.mvcheesery.com,cheese,small_market_local_dominance,https://www.mvcheesery.com/about/,"Martha's Vineyard curated cheese shop with grazing boxes, catering and educational cheese events.",2026-06-16
The Cheese Shop Aspen,Aspen,CO,,cheese,small_market_local_dominance,https://nextdoor.com/pages/the-cheese-shop-aspen-co/,Aspen CO cheese shop serving the resort community with specialty cheeses.,2026-06-16
Meat & Cheese Restaurant and Farm Shop,Aspen,CO,https://www.meatandcheeseaspen.com,cheese,small_market_local_dominance,https://aspenchamber.org/business-directory/meat-cheese/,Aspen restaurant and farm shop with a retail cheese and provisions counter.,2026-06-16
AnnaVail Cheese,Vail,CO,https://www.annavailcheese.com,cheese,small_market_local_dominance,https://www.annavailcheese.com/,Vail CO artisan and organic cheese purveyor serving the resort town.,2026-06-16
Florida Cheese Club,Naples,FL,,cheese,existing_club_transition,https://www.yelp.com/search?find_desc=Cheese+Shops&find_loc=Naples%2C+FL,Naples cheese club/shop cited among the city's best cheese sources; club-forward offering.,2026-06-16
Chef Connoisseur,Naples,FL,,cheese,state_sweep,"https://www.yelp.com/search?cflt=cheese&find_loc=Naples,+FL","Naples gourmet shop with a curated cheese counter, cited among the city's best cheese sources.",2026-06-16
Modern Brie,Scottsdale,AZ,,cheese,state_sweep,"https://www.yelp.com/search?cflt=cheese&find_loc=Scottsdale,+AZ",Scottsdale AZ cheese shop cited among the city's best cheesemongers.,2026-06-16
Cheese & Honey,San Antonio,TX,,cheese,state_sweep,https://www.yelp.com/search?cflt=cheese&find_loc=San+Antonio%2C+TX,San Antonio cheese-and-charcuterie shop cited among the city's best cheese sources.,2026-06-16
River Whey Creamery,Schertz,TX,https://riverwheycreamery.com,cheese,state_sweep,https://www.yelp.com/search?cflt=cheese&find_loc=San+Antonio%2C+TX,"San Antonio-area creamery with a retail cheese shop, cited among the region's best.",2026-06-16
Veldhuizen Cheese Shoppe,Fort Worth,TX,https://www.veldhuizencheese.com,cheese,state_sweep,https://www.yelp.com/search?find_loc=Fort+Worth%2C+TX&cflt=cheese,"Fort Worth-area farmstead cheesemaker with a retail cheese shoppe, cited among the area's best.",2026-06-16
Eagle Mountain Farmhouse Cheese,Granbury,TX,https://www.eaglemountaincheese.com,cheese,state_sweep,https://www.yelp.com/search?find_loc=Fort+Worth%2C+TX&cflt=cheese,"Fort Worth-area farmhouse cheesemaker with retail, cited among the area's best cheese sources.",2026-06-16
Fig + Brie,El Paso,TX,,cheese,state_sweep,"https://www.yelp.com/search?cflt=cheese&find_loc=el+paso,+tx",El Paso cheese-and-charcuterie shop cited among the city's best cheese sources.,2026-06-16
Wisconsin Cheesemasters,Egg Harbor,WI,,cheese,small_market_local_dominance,https://www.travelwisconsin.com/article/cheese-factories/historic-cheese-shops-you-cant-miss,Door County WI cheese shop in Egg Harbor cited among the state's notable cheese shops.,2026-06-16
Bountiful Boards GB,Green Bay,WI,https://bountifulboardsgb.com,cheese,best_of_city_list,https://www.cheeseprofessor.com/blog/bountiful-boards-fromagerie-charcuterie-green-bay,Green Bay cheese-and-charcuterie shop with cheesemonger services and cheese consulting.,2026-06-16
Vern's Cheese,Chilton,WI,https://www.vernscheese.com,cheese,state_sweep,https://www.vernscheese.com/,Wisconsin cheese shop near Appleton/Green Bay with a wide artisan selection cut to order.,2026-06-16
Mississippi Market Co-op,Jackson,MS,https://msmarket.coop,cheese,state_sweep,https://msmarket.coop/departments/cheese/,"Jackson MS market carrying local, artisan and European cheeses including goat and sheep milk varieties.",2026-06-16
Talk of the Table,Decatur,GA,,cheese,state_sweep,https://www.yelp.com/search?cflt=cheese&find_loc=Atlanta%2C+GA,Atlanta-area cheese/charcuterie shop cited among the metro's best cheese sources.,2026-06-16
Alon's Morningside,Atlanta,GA,https://www.alons.com,cheese,best_of_city_list,https://www.atlantamagazine.com/list/food-lovers-guide-cheese/meet-the-cheesemongers/,Atlanta Morningside market with cheesemonger Mary Ingersoll behind a curated cheese counter.,2026-06-16
Zupan's Markets,Portland,OR,https://www.zupans.com,cheese,best_of_city_list,https://www.zupans.com/departments/cheese/,Portland/Lake Oswego market carrying hundreds of cheeses with cheesemongers available for tastings and cut-to-order service.,2026-06-16
Hops & Curds,Chicago,IL,,cheese,best_of_city_list,https://yourchicagoguide.com/best-cheese-shops-in-chicago/,Lincoln Park Chicago cheese-focused shop/eatery (opened 2019) featuring cheese with beer and a retail cheese case.,2026-06-16
Gene's Sausage Shop & Delicatessen,Chicago,IL,https://www.genessausage.com,cheese,best_of_city_list,https://www.yelp.com/search?find_desc=gourmet+cheese+shop&find_loc=Andersonville%2C+Chicago%2C+IL,"Andersonville Chicago deli with a substantial European cheese counter, cited among the area's best cheese sources.",2026-06-16
Cheese on Main,Manasquan,NJ,,cheese,state_sweep,https://www.yelp.com/search?cflt=cheese&find_loc=Red+Bank%2C+NJ+07701,NJ shore cheese shop cited among the Red Bank area's best cheese sources.,2026-06-16
Valley Shepherd Creamery,Long Valley,NJ,https://valleyshepherd.com,cheese,education_affineur,https://ediblejersey.ediblecommunities.com/eat/eat-new-milky-way-new-jersey-cheese-shops-and-artisans/,NJ creamery making 30+ styles of artisanal raw-milk cheese with a retail farm shop and aging cave.,2026-06-16
The Ephrata Cheese Shop,Ephrata,PA,,cheese,state_sweep,"https://www.yelp.com/search?cflt=cheese&find_loc=Lancaster+County,+PA",Lancaster County PA cheese shop cited among the area's best cheese sources.,2026-06-16
S. Mandros Imported Foods,Lancaster,PA,,cheese,state_sweep,"https://www.yelp.com/search?cflt=cheese&find_loc=Lancaster,+PA","Lancaster PA imported foods shop with a cheese counter, cited among the area's best.",2026-06-16
A Couple Craves,Allentown,PA,,cheese,state_sweep,https://www.yelp.com/search?cflt=cheese&find_loc=allentown%2C+pa,Allentown PA cheese/charcuterie shop cited among the area's best cheese sources.,2026-06-16
Central Wedge Cheese Shop,Carlisle,PA,https://www.centralwedgecheese.com,cheese,state_sweep,https://www.centralwedgecheese.com/,"Carlisle PA shop with a wide selection of artisan cheeses sourced from Pennsylvania, cut to order.",2026-06-16
Van Wert Cheese Shop,Harrisburg,PA,,cheese,state_sweep,https://www.yelp.com/search?cflt=cheese&find_loc=Harrisburg%2C+PA,Harrisburg PA cheese shop cited among the area's best cheesemongers.,2026-06-16
The Savory Gourmet,Harrisburg,PA,,cheese,state_sweep,https://www.yelp.com/search?cflt=cheese&find_loc=Harrisburg%2C+PA,"Harrisburg PA gourmet shop with a cheese counter, cited among the area's best.",2026-06-16
Caputo Brothers Creamery,Spring Grove,PA,https://caputobrotherscreamery.com,cheese,existing_club_transition,https://caputobrotherscreamery.com/products/cheese-of-the-month-club,PA creamery with retail and a Cheese of the Month Club shipping curated cheeses.,2026-06-16
Phillips Lancaster County Cheese Company,Lancaster,PA,https://www.lancastercountycheese.com,cheese,state_sweep,https://www.lancastercountycheese.com/,"Lancaster County PA cheese company with retail, cited among the area's cheese sources.",2026-06-16
Grafton Village Cheese Company,Brattleboro,VT,https://graftonvillagecheese.com,cheese,small_market_local_dominance,https://en.wikipedia.org/wiki/Grafton_Village_Cheese_Company,"Brattleboro VT retail store offering 70+ cheeses, Vermont products and a cut counter.",2026-06-16
Saint Anne's Cheese Co.,Dayton,OH,https://stannescheeseco.com,cheese,state_sweep,https://stannescheeseco.com/,Dayton OH specialty cheese maker/retailer cited among the city's best cheese sources.,2026-06-16
Share Cheesebar,Dayton,OH,,cheese,state_sweep,"https://www.yelp.com/search?cflt=cheese&find_loc=Dayton,+OH",Dayton OH cheese bar cited among the city's best cheese sources.,2026-06-16
Nejaimes Wine Cellar,Lenox,MA,,cheese,wine_and_cheese,https://www.thefoodlens.com/boston/guides/cheese-shops/,"Lenox MA (Berkshires) wine cellar with a notable cheese counter, cited among regional best.",2026-06-16
Springside Cheese Shop,Colorado Springs,CO,,cheese,state_sweep,https://www.yelp.com/search?cflt=cheese&find_loc=Colorado+Springs%2C+CO,Colorado Springs cheese shop cited among the city's best cheesemongers.,2026-06-16
Tony's Market,Denver,CO,https://tonysmarket.com,cheese,best_of_city_list,https://tonysmarket.com/cheese-shop/,Denver market with a gourmet cheese shoppe and fine cheese counter cut to order.,2026-06-16
Holiday Market,Royal Oak,MI,https://www.holiday-market.com,cheese,best_of_city_list,https://www.holiday-market.com/royal-oak/department/gourmet-cheese/,Royal Oak MI market with a gourmet cheese shop recognized as one of Michigan's best.,2026-06-16
Cheese Shop 831,Santa Cruz,CA,,cheese,state_sweep,https://www.yelp.com/search?cflt=cheese&find_loc=santa+cruz%2C+CA,Santa Cruz cheese shop cited among the city's best cheesemongers.,2026-06-16
Sweet Grass Dairy & Cheese Shop,Thomasville,GA,https://www.sweetgrassdairy.com,cheese,small_market_local_dominance,https://exploregeorgia.org/thomasville/agritourism/farm-to-table/sweet-grass-dairy-cheese-shop,Thomasville GA farmstead dairy with a retail cheese shop selling its own and other artisan cheeses.,2026-06-16
Quel Fromage Cheese Shop,Bellingham,WA,,cheese,state_sweep,"https://www.yelp.com/search?cflt=cheese&find_loc=Bellingham,+WA",Bellingham WA cheese shop cited among the area's best cheesemongers.,2026-06-16
Les Amis Du Fromage,Bellingham,WA,,cheese,fromagerie,"https://www.yelp.com/search?cflt=cheese&find_loc=Bellingham,+WA",Bellingham WA fromagerie cited among the area's best cheese sources.,2026-06-16
Salt & Vine,Anacortes,WA,,cheese,wine_and_cheese,"https://www.yelp.com/search?cflt=cheese&find_loc=Bellingham,+WA","Anacortes WA shop offering wines, cheeses and charcuterie from the region's best makers.",2026-06-16
The Cheese Shop At Appel Farms,Ferndale,WA,https://appelcheese.com,cheese,state_sweep,https://appelcheese.com/,Ferndale WA farmstead (since 1967) with a retail cheese shop selling its own and other artisan cheeses.,2026-06-16
Muranda Cheese Company,Waterloo,NY,https://murandacheese.com,cheese,state_sweep,https://www.thisiscny.com/living/2025/04/central-new-york-cheese-shops-visit-these-7-brie-lliant-stores-in-syracuse-and-beyond.html,"Finger Lakes NY farm with a retail cheese shop, cited among Central NY's best cheese stores.",2026-06-16
Brick Schoolhouse Cheese and Bread,Syracuse,NY,,cheese,state_sweep,https://www.thisiscny.com/living/2025/04/central-new-york-cheese-shops-visit-these-7-brie-lliant-stores-in-syracuse-and-beyond.html,Central NY cheese-and-bread shop cited among the Syracuse area's best cheese stores.,2026-06-16
Galena River Wine & Cheese,Galena,IL,https://galenawinemerchant.com,cheese,existing_club_transition,https://olioiniowa.com/blog/galena-river-wine-cheese-monthly-cheese-club/,Galena IL wine-and-cheese shop running a Monthly Cheese Club shipped across the Midwest.,2026-06-16
Landmark Creamery & Provisions,Paoli,WI,https://landmarkcreamery.com,cheese,education_affineur,https://landmarkcreamery.com/collections/gift-boxes/cheese-of-the-month-club,Southern Wisconsin award-winning sheep-milk creamery with a Provisions retail shop and cheese of the month club.,2026-06-16
Grater Goods,Jacksonville,FL,https://gratergoods.com,cheese,small_market_local_dominance,https://gratergoods.com/,"Jacksonville's only stand-alone cut-and-wrap cheese shop, specializing in American cheeses and charcuterie.",2026-06-16
The Traveling Cheeseboard,St. Petersburg,FL,,cheese,state_sweep,"https://www.yelp.com/search?cflt=cheese&find_loc=Saint+Petersburg,+FL",St. Petersburg FL cheese/charcuterie shop cited among the city's best cheese sources.,2026-06-16
Brooklyn South,St. Petersburg,FL,,cheese,state_sweep,"https://www.yelp.com/search?cflt=cheese&find_loc=Saint+Petersburg,+FL","St. Petersburg FL Italian deli/market with a curated cheese counter, cited among the city's best.",2026-06-16
